"BehaviorSpace results (NetLogo 7.0.3)","Spreadsheet version 2.0"
"model_sym.nlogox"
"wpływ_parametry"
"05/17/2026 20:15:23:730 +0200"
"min-pxcor","max-pxcor","min-pycor","max-pycor"
"-16","16","-16","16"
"[run number]","1","1","1","2","2","2","3","3","3","4","4","4","5","5","5","6","6","6","7","7","7","8","8","8","9","9","9","10","10","10","11","11","11","12","12","12","13","13","13","14","14","14","15","15","15","16","16","16","17","17","17","18","18","18","19","19","19","20","20","20","21","21","21","22","22","22","23","23","23","24","24","24","25","25","25","26","26","26","27","27","27","28","28","28","29","29","29","30","30","30","31","31","31","32","32","32","33","33","33","34","34","34","35","35","35","36","36","36","37","37","37","38","38","38","39","39","39","40","40","40","41","41","41","42","42","42","43","43","43","44","44","44","45","45","45","46","46","46","47","47","47","48","48","48","49","49","49","50","50","50","51","51","51","52","52","52","53","53","53","54","54","54","55","55","55","56","56","56","57","57","57","58","58","58","59","59","59","60","60","60","61","61","61","62","62","62","63","63","63","64","64","64","65","65","65","66","66","66","67","67","67","68","68","68","69","69","69","70","70","70","71","71","71","72","72","72","73","73","73","74","74","74","75","75","75","76","76","76","77","77","77","78","78","78","79","79","79","80","80","80","81","81","81","82","82","82","83","83","83","84","84","84","85","85","85","86","86","86","87","87","87","88","88","88","89","89","89","90","90","90","91","91","91","92","92","92","93","93","93","94","94","94","95","95","95","96","96","96","97","97","97","98","98","98","99","99","99","100","100","100","101","101","101","102","102","102","103","103","103","104","104","104","105","105","105","106","106","106","107","107","107","108","108","108","109","109","109","110","110","110","111","111","111","112","112","112","113","113","113","114","114","114","115","115","115","116","116","116","117","117","117","118","118","118","119","119","119","120","120","120","121","121","121","122","122","122","123","123","123","124","124","124","125","125","125","126","126","126","127","127","127","128","128","128","129","129","129","130","130","130","131","131","131","132","132","132","133","133","133","134","134","134","135","135","135","136","136","136","137","137","137","138","138","138","139","139","139","140","140","140","141","141","141","142","142","142","143","143","143","144","144","144","145","145","145","146","146","146","147","147","147","148","148","148","149","149","149","150","150","150","151","151","151","152","152","152","153","153","153","154","154","154","155","155","155","156","156","156","157","157","157","158","158","158","159","159","159","160","160","160","161","161","161","162","162","162","163","163","163","164","164","164","165","165","165","166","166","166","167","167","167","168","168","168","169","169","169","170","170","170","171","171","171","172","172","172","173","173","173","174","174","174","175","175","175","176","176","176","177","177","177","178","178","178","179","179","179","180","180","180","181","181","181","182","182","182","183","183","183","184","184","184","185","185","185","186","186","186","187","187","187","188","188","188","189","189","189","190","190","190","191","191","191","192","192","192","193","193","193","194","194","194","195","195","195","196","196","196","197","197","197","198","198","198","199","199","199","200","200","200","201","201","201","202","202","202","203","203","203","204","204","204","205","205","205","206","206","206","207","207","207","208","208","208","209","209","209","210","210","210","211","211","211","212","212","212","213","213","213","214","214","214","215","215","215","216","216","216","217","217","217","218","218","218","219","219","219","220","220","220","221","221","221","222","222","222","223","223","223","224","224","224","225","225","225","226","226","226","227","227","227","228","228","228","229","229","229","230","230","230","231","231","231","232","232","232","233","233","233","234","234","234","235","235","235","236","236","236","237","237","237","238","238","238","239","239","239","240","240","240","241","241","241","242","242","242","243","243","243","244","244","244","245","245","245","246","246","246","247","247","247","248","248","248","249","249","249","250","250","250","251","251","251","252","252","252","253","253","253","254","254","254","255","255","255","256","256","256","257","257","257","258","258","258","259","259","259","260","260","260","261","261","261","262","262","262","263","263","263","264","264","264","265","265","265","266","266","266","267","267","267","268","268","268","269","269","269","270","270","270","271","271","271","272","272","272","273","273","273","274","274","274","275","275","275","276","276","276","277","277","277","278","278","278","279","279","279","280","280","280","281","281","281","282","282","282","283","283","283","284","284","284","285","285","285","286","286","286","287","287","287","288","288","288","289","289","289","290","290","290","291","291","291","292","292","292","293","293","293","294","294","294","295","295","295","296","296","296","297","297","297","298","298","298","299","299","299","300","300","300","301","301","301","302","302","302","303","303","303","304","304","304","305","305","305","306","306","306","307","307","307","308","308","308","309","309","309","310","310","310","311","311","311","312","312","312","313","313","313","314","314","314","315","315","315","316","316","316","317","317","317","318","318","318","319","319","319","320","320","320","321","321","321","322","322","322","323","323","323","324","324","324","325","325","325","326","326","326","327","327","327","328","328","328","329","329","329","330","330","330","331","331","331","332","332","332","333","333","333","334","334","334","335","335","335","336","336","336","337","337","337","338","338","338","339","339","339","340","340","340","341","341","341","342","342","342","343","343","343","344","344","344","345","345","345","346","346","346","347","347","347","348","348","348","349","349","349","350","350","350","351","351","351","352","352","352","353","353","353","354","354","354","355","355","355","356","356","356","357","357","357","358","358","358","359","359","359","360","360","360","361","361","361","362","362","362","363","363","363","364","364","364","365","365","365","366","366","366","367","367","367","368","368","368","369","369","369","370","370","370","371","371","371","372","372","372","373","373","373","374","374","374","375","375","375","376","376","376","377","377","377","378","378","378","379","379","379","380","380","380","381","381","381","382","382","382","383","383","383","384","384","384","385","385","385","386","386","386","387","387","387","388","388","388","389","389","389","390","390","390","391","391","391","392","392","392","393","393","393","394","394","394","395","395","395","396","396","396","397","397","397","398","398","398","399","399","399","400","400","400","401","401","401","402","402","402","403","403","403","404","404","404","405","405","405","406","406","406","407","407","407","408","408","408","409","409","409","410","410","410","411","411","411","412","412","412","413","413","413","414","414","414","415","415","415","416","416","416","417","417","417","418","418","418","419","419","419","420","420","420","421","421","421","422","422","422","423","423","423","424","424","424","425","425","425","426","426","426","427","427","427","428","428","428","429","429","429","430","430","430","431","431","431","432","432","432","433","433","433","434","434","434","435","435","435","436","436","436","437","437","437","438","438","438","439","439","439","440","440","440","441","441","441","442","442","442","443","443","443","444","444","444","445","445","445","446","446","446","447","447","447","448","448","448","449","449","449","450","450","450","451","451","451","452","452","452","453","453","453","454","454","454","455","455","455","456","456","456","457","457","457","458","458","458","459","459","459","460","460","460","461","461","461","462","462","462","463","463","463","464","464","464","465","465","465","466","466","466","467","467","467","468","468","468","469","469","469","470","470","470","471","471","471","472","472","472","473","473","473","474","474","474","475","475","475","476","476","476","477","477","477","478","478","478","479","479","479","480","480","480","481","481","481","482","482","482","483","483","483","484","484","484","485","485","485","486","486","486","487","487","487","488","488","488","489","489","489","490","490","490","491","491","491","492","492","492","493","493","493","494","494","494","495","495","495","496","496","496","497","497","497","498","498","498","499","499","499","500","500","500","501","501","501","502","502","502","503","503","503","504","504","504","505","505","505","506","506","506","507","507","507","508","508","508","509","509","509","510","510","510","511","511","511","512","512","512","513","513","513","514","514","514","515","515","515","516","516","516","517","517","517","518","518","518","519","519","519","520","520","520","521","521","521","522","522","522","523","523","523","524","524","524","525","525","525","526","526","526","527","527","527","528","528","528","529","529","529","530","530","530","531","531","531","532","532","532","533","533","533","534","534","534","535","535","535","536","536","536","537","537","537","538","538","538","539","539","539","540","540","540","541","541","541","542","542","542","543","543","543","544","544","544","545","545","545","546","546","546","547","547","547","548","548","548","549","549","549","550","550","550","551","551","551","552","552","552","553","553","553","554","554","554","555","555","555","556","556","556","557","557","557","558","558","558","559","559","559","560","560","560","561","561","561","562","562","562","563","563","563","564","564","564","565","565","565","566","566","566","567","567","567","568","568","568","569","569","569","570","570","570","571","571","571","572","572","572","573","573","573","574","574","574","575","575","575","576","576","576","577","577","577","578","578","578","579","579","579","580","580","580","581","581","581","582","582","582","583","583","583","584","584","584","585","585","585","586","586","586","587","587","587","588","588","588","589","589","589","590","590","590","591","591","591","592","592","592","593","593","593","594","594","594","595","595","595","596","596","596","597","597","597","598","598","598","599","599","599","600","600","600","601","601","601","602","602","602","603","603","603","604","604","604","605","605","605","606","606","606","607","607","607","608","608","608","609","609","609","610","610","610","611","611","611","612","612","612","613","613","613","614","614","614","615","615","615","616","616","616","617","617","617","618","618","618","619","619","619","620","620","620","621","621","621","622","622","622","623","623","623","624","624","624","625","625","625","626","626","626","627","627","627","628","628","628","629","629","629","630","630","630"
"epsilon","0.05",,,"0.05",,,"0.05",,,"0.05",,,"0.05",,,"0.05",,,"0.05",,,"0.05",,,"0.05",,,"0.05",,,"0.05",,,"0.05",,,"0.05",,,"0.05",,,"0.05",,,"0.05",,,"0.05",,,"0.05",,,"0.05",,,"0.05",,,"0.05",,,"0.05",,,"0.05",,,"0.05",,,"0.05",,,"0.05",,,"0.05",,,"0.05",,,"0.05",,,"0.05",,,"0.05",,,"0.05",,,"0.05",,,"0.05",,,"0.05",,,"0.05",,,"0.05",,,"0.05",,,"0.05",,,"0.05",,,"0.05",,,"0.05",,,"0.05",,,"0.05",,,"0.05",,,"0.05",,,"0.05",,,"0.05",,,"0.05",,,"0.05",,,"0.05",,,"0.05",,,"0.05",,,"0.05",,,"0.05",,,"0.05",,,"0.05",,,"0.05",,,"0.05",,,"0.05",,,"0.05",,,"0.05",,,"0.05",,,"0.05",,,"0.05",,,"0.05",,,"0.05",,,"0.05",,,"0.05",,,"0.05",,,"0.1",,,"0.1",,,"0.1",,,"0.1",,,"0.1",,,"0.1",,,"0.1",,,"0.1",,,"0.1",,,"0.1",,,"0.1",,,"0.1",,,"0.1",,,"0.1",,,"0.1",,,"0.1",,,"0.1",,,"0.1",,,"0.1",,,"0.1",,,"0.1",,,"0.1",,,"0.1",,,"0.1",,,"0.1",,,"0.1",,,"0.1",,,"0.1",,,"0.1",,,"0.1",,,"0.1",,,"0.1",,,"0.1",,,"0.1",,,"0.1",,,"0.1",,,"0.1",,,"0.1",,,"0.1",,,"0.1",,,"0.1",,,"0.1",,,"0.1",,,"0.1",,,"0.1",,,"0.1",,,"0.1",,,"0.1",,,"0.1",,,"0.1",,,"0.1",,,"0.1",,,"0.1",,,"0.1",,,"0.1",,,"0.1",,,"0.1",,,"0.1",,,"0.1",,,"0.1",,,"0.1",,,"0.1",,,"0.1",,,"0.1",,,"0.1",,,"0.1",,,"0.1",,,"0.1",,,"0.1",,,"0.1",,,"0.15",,,"0.15",,,"0.15",,,"0.15",,,"0.15",,,"0.15",,,"0.15",,,"0.15",,,"0.15",,,"0.15",,,"0.15",,,"0.15",,,"0.15",,,"0.15",,,"0.15",,,"0.15",,,"0.15",,,"0.15",,,"0.15",,,"0.15",,,"0.15",,,"0.15",,,"0.15",,,"0.15",,,"0.15",,,"0.15",,,"0.15",,,"0.15",,,"0.15",,,"0.15",,,"0.15",,,"0.15",,,"0.15",,,"0.15",,,"0.15",,,"0.15",,,"0.15",,,"0.15",,,"0.15",,,"0.15",,,"0.15",,,"0.15",,,"0.15",,,"0.15",,,"0.15",,,"0.15",,,"0.15",,,"0.15",,,"0.15",,,"0.15",,,"0.15",,,"0.15",,,"0.15",,,"0.15",,,"0.15",,,"0.15",,,"0.15",,,"0.15",,,"0.15",,,"0.15",,,"0.15",,,"0.15",,,"0.15",,,"0.15",,,"0.15",,,"0.15",,,"0.15",,,"0.15",,,"0.15",,,"0.15",,,"0.2",,,"0.2",,,"0.2",,,"0.2",,,"0.2",,,"0.2",,,"0.2",,,"0.2",,,"0.2",,,"0.2",,,"0.2",,,"0.2",,,"0.2",,,"0.2",,,"0.2",,,"0.2",,,"0.2",,,"0.2",,,"0.2",,,"0.2",,,"0.2",,,"0.2",,,"0.2",,,"0.2",,,"0.2",,,"0.2",,,"0.2",,,"0.2",,,"0.2",,,"0.2",,,"0.2",,,"0.2",,,"0.2",,,"0.2",,,"0.2",,,"0.2",,,"0.2",,,"0.2",,,"0.2",,,"0.2",,,"0.2",,,"0.2",,,"0.2",,,"0.2",,,"0.2",,,"0.2",,,"0.2",,,"0.2",,,"0.2",,,"0.2",,,"0.2",,,"0.2",,,"0.2",,,"0.2",,,"0.2",,,"0.2",,,"0.2",,,"0.2",,,"0.2",,,"0.2",,,"0.2",,,"0.2",,,"0.2",,,"0.2",,,"0.2",,,"0.2",,,"0.2",,,"0.2",,,"0.2",,,"0.2",,,"0.25",,,"0.25",,,"0.25",,,"0.25",,,"0.25",,,"0.25",,,"0.25",,,"0.25",,,"0.25",,,"0.25",,,"0.25",,,"0.25",,,"0.25",,,"0.25",,,"0.25",,,"0.25",,,"0.25",,,"0.25",,,"0.25",,,"0.25",,,"0.25",,,"0.25",,,"0.25",,,"0.25",,,"0.25",,,"0.25",,,"0.25",,,"0.25",,,"0.25",,,"0.25",,,"0.25",,,"0.25",,,"0.25",,,"0.25",,,"0.25",,,"0.25",,,"0.25",,,"0.25",,,"0.25",,,"0.25",,,"0.25",,,"0.25",,,"0.25",,,"0.25",,,"0.25",,,"0.25",,,"0.25",,,"0.25",,,"0.25",,,"0.25",,,"0.25",,,"0.25",,,"0.25",,,"0.25",,,"0.25",,,"0.25",,,"0.25",,,"0.25",,,"0.25",,,"0.25",,,"0.25",,,"0.25",,,"0.25",,,"0.25",,,"0.25",,,"0.25",,,"0.25",,,"0.25",,,"0.25",,,"0.25",,,"0.3",,,"0.3",,,"0.3",,,"0.3",,,"0.3",,,"0.3",,,"0.3",,,"0.3",,,"0.3",,,"0.3",,,"0.3",,,"0.3",,,"0.3",,,"0.3",,,"0.3",,,"0.3",,,"0.3",,,"0.3",,,"0.3",,,"0.3",,,"0.3",,,"0.3",,,"0.3",,,"0.3",,,"0.3",,,"0.3",,,"0.3",,,"0.3",,,"0.3",,,"0.3",,,"0.3",,,"0.3",,,"0.3",,,"0.3",,,"0.3",,,"0.3",,,"0.3",,,"0.3",,,"0.3",,,"0.3",,,"0.3",,,"0.3",,,"0.3",,,"0.3",,,"0.3",,,"0.3",,,"0.3",,,"0.3",,,"0.3",,,"0.3",,,"0.3",,,"0.3",,,"0.3",,,"0.3",,,"0.3",,,"0.3",,,"0.3",,,"0.3",,,"0.3",,,"0.3",,,"0.3",,,"0.3",,,"0.3",,,"0.3",,,"0.3",,,"0.3",,,"0.3",,,"0.3",,,"0.3",,,"0.3",,,"0.35",,,"0.35",,,"0.35",,,"0.35",,,"0.35",,,"0.35",,,"0.35",,,"0.35",,,"0.35",,,"0.35",,,"0.35",,,"0.35",,,"0.35",,,"0.35",,,"0.35",,,"0.35",,,"0.35",,,"0.35",,,"0.35",,,"0.35",,,"0.35",,,"0.35",,,"0.35",,,"0.35",,,"0.35",,,"0.35",,,"0.35",,,"0.35",,,"0.35",,,"0.35",,,"0.35",,,"0.35",,,"0.35",,,"0.35",,,"0.35",,,"0.35",,,"0.35",,,"0.35",,,"0.35",,,"0.35",,,"0.35",,,"0.35",,,"0.35",,,"0.35",,,"0.35",,,"0.35",,,"0.35",,,"0.35",,,"0.35",,,"0.35",,,"0.35",,,"0.35",,,"0.35",,,"0.35",,,"0.35",,,"0.35",,,"0.35",,,"0.35",,,"0.35",,,"0.35",,,"0.35",,,"0.35",,,"0.35",,,"0.35",,,"0.35",,,"0.35",,,"0.35",,,"0.35",,,"0.35",,,"0.35",,,"0.4",,,"0.4",,,"0.4",,,"0.4",,,"0.4",,,"0.4",,,"0.4",,,"0.4",,,"0.4",,,"0.4",,,"0.4",,,"0.4",,,"0.4",,,"0.4",,,"0.4",,,"0.4",,,"0.4",,,"0.4",,,"0.4",,,"0.4",,,"0.4",,,"0.4",,,"0.4",,,"0.4",,,"0.4",,,"0.4",,,"0.4",,,"0.4",,,"0.4",,,"0.4",,,"0.4",,,"0.4",,,"0.4",,,"0.4",,,"0.4",,,"0.4",,,"0.4",,,"0.4",,,"0.4",,,"0.4",,,"0.4",,,"0.4",,,"0.4",,,"0.4",,,"0.4",,,"0.4",,,"0.4",,,"0.4",,,"0.4",,,"0.4",,,"0.4",,,"0.4",,,"0.4",,,"0.4",,,"0.4",,,"0.4",,,"0.4",,,"0.4",,,"0.4",,,"0.4",,,"0.4",,,"0.4",,,"0.4",,,"0.4",,,"0.4",,,"0.4",,,"0.4",,,"0.4",,,"0.4",,,"0.4",,,"0.45",,,"0.45",,,"0.45",,,"0.45",,,"0.45",,,"0.45",,,"0.45",,,"0.45",,,"0.45",,,"0.45",,,"0.45",,,"0.45",,,"0.45",,,"0.45",,,"0.45",,,"0.45",,,"0.45",,,"0.45",,,"0.45",,,"0.45",,,"0.45",,,"0.45",,,"0.45",,,"0.45",,,"0.45",,,"0.45",,,"0.45",,,"0.45",,,"0.45",,,"0.45",,,"0.45",,,"0.45",,,"0.45",,,"0.45",,,"0.45",,,"0.45",,,"0.45",,,"0.45",,,"0.45",,,"0.45",,,"0.45",,,"0.45",,,"0.45",,,"0.45",,,"0.45",,,"0.45",,,"0.45",,,"0.45",,,"0.45",,,"0.45",,,"0.45",,,"0.45",,,"0.45",,,"0.45",,,"0.45",,,"0.45",,,"0.45",,,"0.45",,,"0.45",,,"0.45",,,"0.45",,,"0.45",,,"0.45",,,"0.45",,,"0.45",,,"0.45",,,"0.45",,,"0.45",,,"0.45",,,"0.45",,
"average-threshold","0.05",,,"0.05",,,"0.05",,,"0.05",,,"0.05",,,"0.05",,,"0.05",,,"0.05",,,"0.05",,,"0.05",,,"0.1",,,"0.1",,,"0.1",,,"0.1",,,"0.1",,,"0.1",,,"0.1",,,"0.1",,,"0.1",,,"0.1",,,"0.15",,,"0.15",,,"0.15",,,"0.15",,,"0.15",,,"0.15",,,"0.15",,,"0.15",,,"0.15",,,"0.15",,,"0.2",,,"0.2",,,"0.2",,,"0.2",,,"0.2",,,"0.2",,,"0.2",,,"0.2",,,"0.2",,,"0.2",,,"0.25",,,"0.25",,,"0.25",,,"0.25",,,"0.25",,,"0.25",,,"0.25",,,"0.25",,,"0.25",,,"0.25",,,"0.3",,,"0.3",,,"0.3",,,"0.3",,,"0.3",,,"0.3",,,"0.3",,,"0.3",,,"0.3",,,"0.3",,,"0.35",,,"0.35",,,"0.35",,,"0.35",,,"0.35",,,"0.35",,,"0.35",,,"0.35",,,"0.35",,,"0.35",,,"0.05",,,"0.05",,,"0.05",,,"0.05",,,"0.05",,,"0.05",,,"0.05",,,"0.05",,,"0.05",,,"0.05",,,"0.1",,,"0.1",,,"0.1",,,"0.1",,,"0.1",,,"0.1",,,"0.1",,,"0.1",,,"0.1",,,"0.1",,,"0.15",,,"0.15",,,"0.15",,,"0.15",,,"0.15",,,"0.15",,,"0.15",,,"0.15",,,"0.15",,,"0.15",,,"0.2",,,"0.2",,,"0.2",,,"0.2",,,"0.2",,,"0.2",,,"0.2",,,"0.2",,,"0.2",,,"0.2",,,"0.25",,,"0.25",,,"0.25",,,"0.25",,,"0.25",,,"0.25",,,"0.25",,,"0.25",,,"0.25",,,"0.25",,,"0.3",,,"0.3",,,"0.3",,,"0.3",,,"0.3",,,"0.3",,,"0.3",,,"0.3",,,"0.3",,,"0.3",,,"0.35",,,"0.35",,,"0.35",,,"0.35",,,"0.35",,,"0.35",,,"0.35",,,"0.35",,,"0.35",,,"0.35",,,"0.05",,,"0.05",,,"0.05",,,"0.05",,,"0.05",,,"0.05",,,"0.05",,,"0.05",,,"0.05",,,"0.05",,,"0.1",,,"0.1",,,"0.1",,,"0.1",,,"0.1",,,"0.1",,,"0.1",,,"0.1",,,"0.1",,,"0.1",,,"0.15",,,"0.15",,,"0.15",,,"0.15",,,"0.15",,,"0.15",,,"0.15",,,"0.15",,,"0.15",,,"0.15",,,"0.2",,,"0.2",,,"0.2",,,"0.2",,,"0.2",,,"0.2",,,"0.2",,,"0.2",,,"0.2",,,"0.2",,,"0.25",,,"0.25",,,"0.25",,,"0.25",,,"0.25",,,"0.25",,,"0.25",,,"0.25",,,"0.25",,,"0.25",,,"0.3",,,"0.3",,,"0.3",,,"0.3",,,"0.3",,,"0.3",,,"0.3",,,"0.3",,,"0.3",,,"0.3",,,"0.35",,,"0.35",,,"0.35",,,"0.35",,,"0.35",,,"0.35",,,"0.35",,,"0.35",,,"0.35",,,"0.35",,,"0.05",,,"0.05",,,"0.05",,,"0.05",,,"0.05",,,"0.05",,,"0.05",,,"0.05",,,"0.05",,,"0.05",,,"0.1",,,"0.1",,,"0.1",,,"0.1",,,"0.1",,,"0.1",,,"0.1",,,"0.1",,,"0.1",,,"0.1",,,"0.15",,,"0.15",,,"0.15",,,"0.15",,,"0.15",,,"0.15",,,"0.15",,,"0.15",,,"0.15",,,"0.15",,,"0.2",,,"0.2",,,"0.2",,,"0.2",,,"0.2",,,"0.2",,,"0.2",,,"0.2",,,"0.2",,,"0.2",,,"0.25",,,"0.25",,,"0.25",,,"0.25",,,"0.25",,,"0.25",,,"0.25",,,"0.25",,,"0.25",,,"0.25",,,"0.3",,,"0.3",,,"0.3",,,"0.3",,,"0.3",,,"0.3",,,"0.3",,,"0.3",,,"0.3",,,"0.3",,,"0.35",,,"0.35",,,"0.35",,,"0.35",,,"0.35",,,"0.35",,,"0.35",,,"0.35",,,"0.35",,,"0.35",,,"0.05",,,"0.05",,,"0.05",,,"0.05",,,"0.05",,,"0.05",,,"0.05",,,"0.05",,,"0.05",,,"0.05",,,"0.1",,,"0.1",,,"0.1",,,"0.1",,,"0.1",,,"0.1",,,"0.1",,,"0.1",,,"0.1",,,"0.1",,,"0.15",,,"0.15",,,"0.15",,,"0.15",,,"0.15",,,"0.15",,,"0.15",,,"0.15",,,"0.15",,,"0.15",,,"0.2",,,"0.2",,,"0.2",,,"0.2",,,"0.2",,,"0.2",,,"0.2",,,"0.2",,,"0.2",,,"0.2",,,"0.25",,,"0.25",,,"0.25",,,"0.25",,,"0.25",,,"0.25",,,"0.25",,,"0.25",,,"0.25",,,"0.25",,,"0.3",,,"0.3",,,"0.3",,,"0.3",,,"0.3",,,"0.3",,,"0.3",,,"0.3",,,"0.3",,,"0.3",,,"0.35",,,"0.35",,,"0.35",,,"0.35",,,"0.35",,,"0.35",,,"0.35",,,"0.35",,,"0.35",,,"0.35",,,"0.05",,,"0.05",,,"0.05",,,"0.05",,,"0.05",,,"0.05",,,"0.05",,,"0.05",,,"0.05",,,"0.05",,,"0.1",,,"0.1",,,"0.1",,,"0.1",,,"0.1",,,"0.1",,,"0.1",,,"0.1",,,"0.1",,,"0.1",,,"0.15",,,"0.15",,,"0.15",,,"0.15",,,"0.15",,,"0.15",,,"0.15",,,"0.15",,,"0.15",,,"0.15",,,"0.2",,,"0.2",,,"0.2",,,"0.2",,,"0.2",,,"0.2",,,"0.2",,,"0.2",,,"0.2",,,"0.2",,,"0.25",,,"0.25",,,"0.25",,,"0.25",,,"0.25",,,"0.25",,,"0.25",,,"0.25",,,"0.25",,,"0.25",,,"0.3",,,"0.3",,,"0.3",,,"0.3",,,"0.3",,,"0.3",,,"0.3",,,"0.3",,,"0.3",,,"0.3",,,"0.35",,,"0.35",,,"0.35",,,"0.35",,,"0.35",,,"0.35",,,"0.35",,,"0.35",,,"0.35",,,"0.35",,,"0.05",,,"0.05",,,"0.05",,,"0.05",,,"0.05",,,"0.05",,,"0.05",,,"0.05",,,"0.05",,,"0.05",,,"0.1",,,"0.1",,,"0.1",,,"0.1",,,"0.1",,,"0.1",,,"0.1",,,"0.1",,,"0.1",,,"0.1",,,"0.15",,,"0.15",,,"0.15",,,"0.15",,,"0.15",,,"0.15",,,"0.15",,,"0.15",,,"0.15",,,"0.15",,,"0.2",,,"0.2",,,"0.2",,,"0.2",,,"0.2",,,"0.2",,,"0.2",,,"0.2",,,"0.2",,,"0.2",,,"0.25",,,"0.25",,,"0.25",,,"0.25",,,"0.25",,,"0.25",,,"0.25",,,"0.25",,,"0.25",,,"0.25",,,"0.3",,,"0.3",,,"0.3",,,"0.3",,,"0.3",,,"0.3",,,"0.3",,,"0.3",,,"0.3",,,"0.3",,,"0.35",,,"0.35",,,"0.35",,,"0.35",,,"0.35",,,"0.35",,,"0.35",,,"0.35",,,"0.35",,,"0.35",,,"0.05",,,"0.05",,,"0.05",,,"0.05",,,"0.05",,,"0.05",,,"0.05",,,"0.05",,,"0.05",,,"0.05",,,"0.1",,,"0.1",,,"0.1",,,"0.1",,,"0.1",,,"0.1",,,"0.1",,,"0.1",,,"0.1",,,"0.1",,,"0.15",,,"0.15",,,"0.15",,,"0.15",,,"0.15",,,"0.15",,,"0.15",,,"0.15",,,"0.15",,,"0.15",,,"0.2",,,"0.2",,,"0.2",,,"0.2",,,"0.2",,,"0.2",,,"0.2",,,"0.2",,,"0.2",,,"0.2",,,"0.25",,,"0.25",,,"0.25",,,"0.25",,,"0.25",,,"0.25",,,"0.25",,,"0.25",,,"0.25",,,"0.25",,,"0.3",,,"0.3",,,"0.3",,,"0.3",,,"0.3",,,"0.3",,,"0.3",,,"0.3",,,"0.3",,,"0.3",,,"0.35",,,"0.35",,,"0.35",,,"0.35",,,"0.35",,,"0.35",,,"0.35",,,"0.35",,,"0.35",,,"0.35",,,"0.05",,,"0.05",,,"0.05",,,"0.05",,,"0.05",,,"0.05",,,"0.05",,,"0.05",,,"0.05",,,"0.05",,,"0.1",,,"0.1",,,"0.1",,,"0.1",,,"0.1",,,"0.1",,,"0.1",,,"0.1",,,"0.1",,,"0.1",,,"0.15",,,"0.15",,,"0.15",,,"0.15",,,"0.15",,,"0.15",,,"0.15",,,"0.15",,,"0.15",,,"0.15",,,"0.2",,,"0.2",,,"0.2",,,"0.2",,,"0.2",,,"0.2",,,"0.2",,,"0.2",,,"0.2",,,"0.2",,,"0.25",,,"0.25",,,"0.25",,,"0.25",,,"0.25",,,"0.25",,,"0.25",,,"0.25",,,"0.25",,,"0.25",,,"0.3",,,"0.3",,,"0.3",,,"0.3",,,"0.3",,,"0.3",,,"0.3",,,"0.3",,,"0.3",,,"0.3",,,"0.35",,,"0.35",,,"0.35",,,"0.35",,,"0.35",,,"0.35",,,"0.35",,,"0.35",,,"0.35",,,"0.35",,
"[total steps]","499","499","499","499","499","499","499","499","499","499","499","499","499","499","499","499","499","499","499","499","499","499","499","499","499","499","499","499","499","499","499","499","499","499","499","499","499","499","499","499","499","499","499","499","499","499","499","499","499","499","499","499","499","499","499","499","499","499","499","499","499","499","499","499","499","499","499","499","499","499","499","499","499","499","499","499","499","499","499","499","499","499","499","499","499","499","499","499","499","499","499","499","499","499","499","499","499","499","499","499","499","499","499","499","499","499","499","499","499","499","499","499","499","499","499","499","499","499","499","499","499","499","499","499","499","499","499","499","499","499","499","499","499","499","499","499","499","499","499","499","499","499","499","499","499","499","499","499","499","499","499","499","499","499","499","499","499","499","499","499","499","499","499","499","499","499","499","499","499","499","499","499","499","499","499","499","499","499","499","499","499","499","499","499","499","499","499","499","499","499","499","499","499","499","499","499","499","499","499","499","499","499","499","499","499","499","499","499","499","499","499","499","499","499","499","499","499","499","499","499","499","499","499","499","499","499","499","499","499","499","499","499","499","499","499","499","499","499","499","499","499","499","499","499","499","499","499","499","499","499","499","499","499","499","499","499","499","499","499","499","499","499","499","499","499","499","499","499","499","499","499","499","499","499","499","499","499","499","499","499","499","499","499","499","499","499","499","499","499","499","499","499","499","499","499","499","499","499","499","499","499","499","499","499","499","499","499","499","499","499","499","499","499","499","499","499","499","499","499","499","499","499","499","499","499","499","499","499","499","499","499","499","499","499","499","499","499","499","499","499","499","499","499","499","499","499","499","499","499","499","499","499","499","499","499","499","499","499","499","499","499","499","499","499","499","499","499","499","499","499","499","499","499","499","499","499","499","499","499","499","499","499","499","499","499","499","499","499","499","499","499","499","499","499","499","499","499","499","499","499","499","499","499","499","499","499","499","499","499","499","499","499","499","499","499","499","499","499","499","499","499","499","499","499","499","499","499","499","499","499","499","499","499","499","499","499","499","499","499","499","499","499","499","499","499","499","499","499","499","499","499","499","499","499","499","499","499","499","499","499","499","499","499","499","499","499","499","499","499","499","499","499","499","499","499","499","499","499","499","499","499","499","499","499","499","499","499","499","499","499","499","499","499","499","499","499","499","499","499","499","499","499","499","499","499","499","499","499","499","499","499","499","499","499","499","499","499","499","499","499","499","499","499","499","499","499","499","499","499","499","499","499","499","499","499","499","499","499","499","499","499","499","499","499","499","499","499","499","499","499","499","499","499","499","499","499","499","499","499","499","499","499","499","499","499","499","499","499","499","499","499","499","499","499","499","499","499","499","499","499","499","499","499","499","499","499","499","499","499","499","499","499","499","499","499","499","499","499","499","499","499","499","499","499","499","499","499","499","499","499","499","499","499","499","499","499","499","499","499","499","499","499","499","499","499","499","499","499","499","499","499","499","499","499","499","499","499","499","499","499","499","499","499","499","499","499","499","499","499","499","499","499","499","499","499","499","499","499","499","499","499","499","499","499","499","499","499","499","499","499","499","499","499","499","499","499","499","499","499","499","499","499","499","499","499","499","499","499","499","499","499","499","499","499","499","499","499","499","499","499","499","499","499","499","499","499","499","499","499","499","499","499","499","499","499","499","499","499","499","499","499","499","499","499","499","499","499","499","499","499","499","499","499","499","499","499","499","499","499","499","499","499","499","499","499","499","499","499","499","499","499","499","499","499","499","499","499","499","499","499","499","499","499","499","499","499","499","499","499","499","499","499","499","499","499","499","499","499","499","499","499","499","499","499","499","499","499","499","499","499","499","499","499","499","499","499","499","499","499","499","499","499","499","499","499","499","499","499","499","499","499","499","499","499","499","499","499","499","499","499","499","499","499","499","499","499","499","499","499","499","499","499","499","499","499","499","499","499","499","499","499","499","499","499","499","499","499","499","499","499","499","499","499","499","499","499","499","499","499","499","499","499","499","499","499","499","499","499","499","499","499","499","499","499","499","499","499","499","499","499","499","499","499","499","499","499","499","499","499","499","499","499","499","499","499","499","499","499","499","499","499","499","499","499","499","499","499","499","499","499","499","499","499","499","499","499","499","499","499","499","499","499","499","499","499","499","499","499","499","499","499","499","499","499","499","499","499","499","499","499","499","499","499","499","499","499","499","499","499","499","499","499","499","499","499","499","499","499","499","499","499","499","499","499","499","499","499","499","499","499","499","499","499","499","499","499","499","499","499","499","499","499","499","499","499","499","499","499","499","499","499","499","499","499","499","499","499","499","499","499","499","499","499","499","499","499","499","499","499","499","499","499","499","499","499","499","499","499","499","499","499","499","499","499","499","499","499","499","499","499","499","499","499","499","499","499","499","499","499","499","499","499","499","499","499","499","499","499","499","499","499","499","499","499","499","499","499","499","499","499","499","499","499","499","499","499","499","499","499","499","499","499","499","499","499","499","499","499","499","499","499","499","499","499","499","499","499","499","499","499","499","499","499","499","499","499","499","499","499","499","499","499","499","499","499","499","499","499","499","499","499","499","499","499","499","499","499","499","499","499","499","499","499","499","499","499","499","499","499","499","499","499","499","499","499","499","499","499","499","499","499","499","499","499","499","499","499","499","499","499","499","499","499","499","499","499","499","499","499","499","499","499","499","499","499","499","499","499","499","499","499","499","499","499","499","499","499","499","499","499","499","499","499","499","499","499","499","499","499","499","499","499","499","499","499","499","499","499","499","499","499","499","499","499","499","499","499","499","499","499","499","499","499","499","499","499","499","499","499","499","499","499","499","499","499","499","499","499","499","499","499","499","499","499","499","499","499","499","499","499","499","499","499","499","499","499","499","499","499","499","499","499","499","499","499","499","499","499","499","499","499","499","499","499","499","499","499","499","499","499","499","499","499","499","499","499","499","499","499","499","499","499","499","499","499","499","499","499","499","499","499","499","499","499","499","499","499","499","499","499","499","499","499","499","499","499","499","499","499","499","499","499","499","499","499","499","499","499","499","499","499","499","499","499","499","499","499","499","499","499","499","499","499","499","499","499","499","499","499","499","499","499","499","499","499","499","499","499","499","499","499","499","499","499","499","499","499","499","499","499","499","499","499","499","499","499","499","499","499","499","499","499","499","499","499","499","499","499","499","499","499","499","499","499","499","499","499","499","499","499","499","499","499","499","499","499","499","499","499","499","499","499","499","499","499","499","499","499","499","499","499","499","499","499","499","499","499","499","499","499","499","499","499","499","499","499","499","499","499","499","499","499","499","499","499","499","499","499","499","499","499","499","499","499","499","499","499","499","499","499","499","499","499","499","499","499","499","499","499","499","499","499","499","499","499","499","499","499","499","499","499","499","499","499","499","499","499","499","499","499","499","499","499","499","499","499","499","499","499","499","499","499","499","499","499","499","499","499","499","499","499","499","499","499","499","499","499","499","499","499","499","499","499","499","499","499","499","499","499","499","499","499","499","499","499","499","499","499","499","499","499","499","499","499","499","499","499","499","499","499","499","499","499","499","499","499","499","499","499","499","499","499","499","499","499","499","499","499","499","499","499","499","499","499","499","499","499","499","499","499","499","499","499","499","499","499","499","499","499","499","499","499","499","499","499","499","499","499","499","499","499","499","499","499","499","499","499","499","499","499","499","499","499","499","499","499","499","499","499","499","499","499","499","499","499","499","499","499","499","499","499","499","499","499","499","499","499","499","499","499","499","499","499","499","499","499","499","499","499","499","499","499","499","499","499","499","499","499","499","499","499","499","499","499","499","499","499","499","499","499","499","499","499","499","499","499","499","499","499","499","499","499","499","499","499","499","499","499","499","499","499","499","499","499","499","499","499","499","499","499","499","499","499","499","499","499","499","499","499","499","499","499","499","499","499","499","499","499","499","499","499","499","499","499","499","499","499","499","499","499","499","499","499","499","499","499","499","499","499","499","499","499","499","499","499","499","499","499","499","499","499","499","499","499","499","499","499","499","499","499","499","499","499","499","499","499","499","499","499","499","499","499","499","499","499","499","499","499","499","499","499","499","499","499","499","499","499","499","499","499","499","499","499","499","499","499","499","499","499","499","499","499","499","499","499","499","499","499","499","499","499","499","499","499","499","499","499","499","499","499","499","499","499","499","499","499","499","499","499","499","499","499","499","499","499","499","499","499","499","499","499","499","499","499","499","499","499","499","499","499","499","499","499","499","499","499","499","499","499","499","499","499","499","499","499","499","499","499","499","499","499","499","499","499","499","499","499","499","499","499","499","499","499","499","499","499","499","499","499","499","499","499","499","499","499","499","499","499","499","499"

"[final value]","[step]","count turtles with [adopted?]","mean [opinion] of turtles","[step]","count turtles with [adopted?]","mean [opinion] of turtles","[step]","count turtles with [adopted?]","mean [opinion] of turtles","[step]","count turtles with [adopted?]","mean [opinion] of turtles","[step]","count turtles with [adopted?]","mean [opinion] of turtles","[step]","count turtles with [adopted?]","mean [opinion] of turtles","[step]","count turtles with [adopted?]","mean [opinion] of turtles","[step]","count turtles with [adopted?]","mean [opinion] of turtles","[step]","count turtles with [adopted?]","mean [opinion] of turtles","[step]","count turtles with [adopted?]","mean [opinion] of turtles","[step]","count turtles with [adopted?]","mean [opinion] of turtles","[step]","count turtles with [adopted?]","mean [opinion] of turtles","[step]","count turtles with [adopted?]","mean [opinion] of turtles","[step]","count turtles with [adopted?]","mean [opinion] of turtles","[step]","count turtles with [adopted?]","mean [opinion] of turtles","[step]","count turtles with [adopted?]","mean [opinion] of turtles","[step]","count turtles with [adopted?]","mean [opinion] of turtles","[step]","count turtles with [adopted?]","mean [opinion] of turtles","[step]","count turtles with [adopted?]","mean [opinion] of turtles","[step]","count turtles with [adopted?]","mean [opinion] of turtles","[step]","count turtles with [adopted?]","mean [opinion] of turtles","[step]","count turtles with [adopted?]","mean [opinion] of turtles","[step]","count turtles with [adopted?]","mean [opinion] of turtles","[step]","count turtles with [adopted?]","mean [opinion] of turtles","[step]","count turtles with [adopted?]","mean [opinion] of turtles","[step]","count turtles with [adopted?]","mean [opinion] of turtles","[step]","count turtles with [adopted?]","mean [opinion] of turtles","[step]","count turtles with [adopted?]","mean [opinion] of turtles","[step]","count turtles with [adopted?]","mean [opinion] of turtles","[step]","count turtles with [adopted?]","mean [opinion] of turtles","[step]","count turtles with [adopted?]","mean [opinion] of turtles","[step]","count turtles with [adopted?]","mean [opinion] of turtles","[step]","count turtles with [adopted?]","mean [opinion] of turtles","[step]","count turtles with [adopted?]","mean [opinion] of turtles","[step]","count turtles with [adopted?]","mean [opinion] of turtles","[step]","count turtles with [adopted?]","mean [opinion] of turtles","[step]","count turtles with [adopted?]","mean [opinion] of turtles","[step]","count turtles with [adopted?]","mean [opinion] of turtles","[step]","count turtles with [adopted?]","mean [opinion] of turtles","[step]","count turtles with [adopted?]","mean [opinion] of turtles","[step]","count turtles with [adopted?]","mean [opinion] of turtles","[step]","count turtles with [adopted?]","mean [opinion] of turtles","[step]","count turtles with [adopted?]","mean [opinion] of turtles","[step]","count turtles with [adopted?]","mean [opinion] of turtles","[step]","count turtles with [adopted?]","mean [opinion] of turtles","[step]","count turtles with [adopted?]","mean [opinion] of turtles","[step]","count turtles with [adopted?]","mean [opinion] of turtles","[step]","count turtles with [adopted?]","mean [opinion] of turtles","[step]","count turtles with [adopted?]","mean [opinion] of turtles","[step]","count turtles with [adopted?]","mean [opinion] of turtles","[step]","count turtles with [adopted?]","mean [opinion] of turtles","[step]","count turtles with [adopted?]","mean [opinion] of turtles","[step]","count turtles with [adopted?]","mean [opinion] of turtles","[step]","count turtles with [adopted?]","mean [opinion] of turtles","[step]","count turtles with [adopted?]","mean [opinion] of turtles","[step]","count turtles with [adopted?]","mean [opinion] of turtles","[step]","count turtles with [adopted?]","mean [opinion] of turtles","[step]","count turtles with [adopted?]","mean [opinion] of turtles","[step]","count turtles with [adopted?]","mean [opinion] of turtles","[step]","count turtles with [adopted?]","mean [opinion] of turtles","[step]","count turtles with [adopted?]","mean [opinion] of turtles","[step]","count turtles with [adopted?]","mean [opinion] of turtles","[step]","count turtles with [adopted?]","mean [opinion] of turtles","[step]","count turtles with [adopted?]","mean [opinion] of turtles","[step]","count turtles with [adopted?]","mean [opinion] of turtles","[step]","count turtles with [adopted?]","mean [opinion] of turtles","[step]","count turtles with [adopted?]","mean [opinion] of turtles","[step]","count turtles with [adopted?]","mean [opinion] of turtles","[step]","count turtles with [adopted?]","mean [opinion] of turtles","[step]","count turtles with [adopted?]","mean [opinion] of turtles","[step]","count turtles with [adopted?]","mean [opinion] of turtles","[step]","count turtles with [adopted?]","mean [opinion] of turtles","[step]","count turtles with [adopted?]","mean [opinion] of turtles","[step]","count turtles with [adopted?]","mean [opinion] of turtles","[step]","count turtles with [adopted?]","mean [opinion] of turtles","[step]","count turtles with [adopted?]","mean [opinion] of turtles","[step]","count turtles with [adopted?]","mean [opinion] of turtles","[step]","count turtles with [adopted?]","mean [opinion] of turtles","[step]","count turtles with [adopted?]","mean [opinion] of turtles","[step]","count turtles with [adopted?]","mean [opinion] of turtles","[step]","count turtles with [adopted?]","mean [opinion] of turtles","[step]","count turtles with [adopted?]","mean [opinion] of turtles","[step]","count turtles with [adopted?]","mean [opinion] of turtles","[step]","count turtles with [adopted?]","mean [opinion] of turtles","[step]","count turtles with [adopted?]","mean [opinion] of turtles","[step]","count turtles with [adopted?]","mean [opinion] of turtles","[step]","count turtles with [adopted?]","mean [opinion] of turtles","[step]","count turtles with [adopted?]","mean [opinion] of turtles","[step]","count turtles with [adopted?]","mean [opinion] of turtles","[step]","count turtles with [adopted?]","mean [opinion] of turtles","[step]","count turtles with [adopted?]","mean [opinion] of turtles","[step]","count turtles with [adopted?]","mean [opinion] of turtles","[step]","count turtles with [adopted?]","mean [opinion] of turtles","[step]","count turtles with [adopted?]","mean [opinion] of turtles","[step]","count turtles with [adopted?]","mean [opinion] of turtles","[step]","count turtles with [adopted?]","mean [opinion] of turtles","[step]","count turtles with [adopted?]","mean [opinion] of turtles","[step]","count turtles with [adopted?]","mean [opinion] of turtles","[step]","count turtles with [adopted?]","mean [opinion] of turtles","[step]","count turtles with [adopted?]","mean [opinion] of turtles","[step]","count turtles with [adopted?]","mean [opinion] of turtles","[step]","count turtles with [adopted?]","mean [opinion] of turtles","[step]","count turtles with [adopted?]","mean [opinion] of turtles","[step]","count turtles with [adopted?]","mean [opinion] of turtles","[step]","count turtles with [adopted?]","mean [opinion] of turtles","[step]","count turtles with [adopted?]","mean [opinion] of turtles","[step]","count turtles with [adopted?]","mean [opinion] of turtles","[step]","count turtles with [adopted?]","mean [opinion] of turtles","[step]","count turtles with [adopted?]","mean [opinion] of turtles","[step]","count turtles with [adopted?]","mean [opinion] of turtles","[step]","count turtles with [adopted?]","mean [opinion] of turtles","[step]","count turtles with [adopted?]","mean [opinion] of turtles","[step]","count turtles with [adopted?]","mean [opinion] of turtles","[step]","count turtles with [adopted?]","mean [opinion] of turtles","[step]","count turtles with [adopted?]","mean [opinion] of turtles","[step]","count turtles with [adopted?]","mean [opinion] of turtles","[step]","count turtles with [adopted?]","mean [opinion] of turtles","[step]","count turtles with [adopted?]","mean [opinion] of turtles","[step]","count turtles with [adopted?]","mean [opinion] of turtles","[step]","count turtles with [adopted?]","mean [opinion] of turtles","[step]","count turtles with [adopted?]","mean [opinion] of turtles","[step]","count turtles with [adopted?]","mean [opinion] of turtles","[step]","count turtles with [adopted?]","mean [opinion] of turtles","[step]","count turtles with [adopted?]","mean [opinion] of turtles","[step]","count turtles with [adopted?]","mean [opinion] of turtles","[step]","count turtles with [adopted?]","mean [opinion] of turtles","[step]","count turtles with [adopted?]","mean [opinion] of turtles","[step]","count turtles with [adopted?]","mean [opinion] of turtles","[step]","count turtles with [adopted?]","mean [opinion] of turtles","[step]","count turtles with [adopted?]","mean [opinion] of turtles","[step]","count turtles with [adopted?]","mean [opinion] of turtles","[step]","count turtles with [adopted?]","mean [opinion] of turtles","[step]","count turtles with [adopted?]","mean [opinion] of turtles","[step]","count turtles with [adopted?]","mean [opinion] of turtles","[step]","count turtles with [adopted?]","mean [opinion] of turtles","[step]","count turtles with [adopted?]","mean [opinion] of turtles","[step]","count turtles with [adopted?]","mean [opinion] of turtles","[step]","count turtles with [adopted?]","mean [opinion] of turtles","[step]","count turtles with [adopted?]","mean [opinion] of turtles","[step]","count turtles with [adopted?]","mean [opinion] of turtles","[step]","count turtles with [adopted?]","mean [opinion] of turtles","[step]","count turtles with [adopted?]","mean [opinion] of turtles","[step]","count turtles with [adopted?]","mean [opinion] of turtles","[step]","count turtles with [adopted?]","mean [opinion] of turtles","[step]","count turtles with [adopted?]","mean [opinion] of turtles","[step]","count turtles with [adopted?]","mean [opinion] of turtles","[step]","count turtles with [adopted?]","mean [opinion] of turtles","[step]","count turtles with [adopted?]","mean [opinion] of turtles","[step]","count turtles with [adopted?]","mean [opinion] of turtles","[step]","count turtles with [adopted?]","mean [opinion] of turtles","[step]","count turtles with [adopted?]","mean [opinion] of turtles","[step]","count turtles with [adopted?]","mean [opinion] of turtles","[step]","count turtles with [adopted?]","mean [opinion] of turtles","[step]","count turtles with [adopted?]","mean [opinion] of turtles","[step]","count turtles with [adopted?]","mean [opinion] of turtles","[step]","count turtles with [adopted?]","mean [opinion] of turtles","[step]","count turtles with [adopted?]","mean [opinion] of turtles","[step]","count turtles with [adopted?]","mean [opinion] of turtles","[step]","count turtles with [adopted?]","mean [opinion] of turtles","[step]","count turtles with [adopted?]","mean [opinion] of turtles","[step]","count turtles with [adopted?]","mean [opinion] of turtles","[step]","count turtles with [adopted?]","mean [opinion] of turtles","[step]","count turtles with [adopted?]","mean [opinion] of turtles","[step]","count turtles with [adopted?]","mean [opinion] of turtles","[step]","count turtles with [adopted?]","mean [opinion] of turtles","[step]","count turtles with [adopted?]","mean [opinion] of turtles","[step]","count turtles with [adopted?]","mean [opinion] of turtles","[step]","count turtles with [adopted?]","mean [opinion] of turtles","[step]","count turtles with [adopted?]","mean [opinion] of turtles","[step]","count turtles with [adopted?]","mean [opinion] of turtles","[step]","count turtles with [adopted?]","mean [opinion] of turtles","[step]","count turtles with [adopted?]","mean [opinion] of turtles","[step]","count turtles with [adopted?]","mean [opinion] of turtles","[step]","count turtles with [adopted?]","mean [opinion] of turtles","[step]","count turtles with [adopted?]","mean [opinion] of turtles","[step]","count turtles with [adopted?]","mean [opinion] of turtles","[step]","count turtles with [adopted?]","mean [opinion] of turtles","[step]","count turtles with [adopted?]","mean [opinion] of turtles","[step]","count turtles with [adopted?]","mean [opinion] of turtles","[step]","count turtles with [adopted?]","mean [opinion] of turtles","[step]","count turtles with [adopted?]","mean [opinion] of turtles","[step]","count turtles with [adopted?]","mean [opinion] of turtles","[step]","count turtles with [adopted?]","mean [opinion] of turtles","[step]","count turtles with [adopted?]","mean [opinion] of turtles","[step]","count turtles with [adopted?]","mean [opinion] of turtles","[step]","count turtles with [adopted?]","mean [opinion] of turtles","[step]","count turtles with [adopted?]","mean [opinion] of turtles","[step]","count turtles with [adopted?]","mean [opinion] of turtles","[step]","count turtles with [adopted?]","mean [opinion] of turtles","[step]","count turtles with [adopted?]","mean [opinion] of turtles","[step]","count turtles with [adopted?]","mean [opinion] of turtles","[step]","count turtles with [adopted?]","mean [opinion] of turtles","[step]","count turtles with [adopted?]","mean [opinion] of turtles","[step]","count turtles with [adopted?]","mean [opinion] of turtles","[step]","count turtles with [adopted?]","mean [opinion] of turtles","[step]","count turtles with [adopted?]","mean [opinion] of turtles","[step]","count turtles with [adopted?]","mean [opinion] of turtles","[step]","count turtles with [adopted?]","mean [opinion] of turtles","[step]","count turtles with [adopted?]","mean [opinion] of turtles","[step]","count turtles with [adopted?]","mean [opinion] of turtles","[step]","count turtles with [adopted?]","mean [opinion] of turtles","[step]","count turtles with [adopted?]","mean [opinion] of turtles","[step]","count turtles with [adopted?]","mean [opinion] of turtles","[step]","count turtles with [adopted?]","mean [opinion] of turtles","[step]","count turtles with [adopted?]","mean [opinion] of turtles","[step]","count turtles with [adopted?]","mean [opinion] of turtles","[step]","count turtles with [adopted?]","mean [opinion] of turtles","[step]","count turtles with [adopted?]","mean [opinion] of turtles","[step]","count turtles with [adopted?]","mean [opinion] of turtles","[step]","count turtles with [adopted?]","mean [opinion] of turtles","[step]","count turtles with [adopted?]","mean [opinion] of turtles","[step]","count turtles with [adopted?]","mean [opinion] of turtles","[step]","count turtles with [adopted?]","mean [opinion] of turtles","[step]","count turtles with [adopted?]","mean [opinion] of turtles","[step]","count turtles with [adopted?]","mean [opinion] of turtles","[step]","count turtles with [adopted?]","mean [opinion] of turtles","[step]","count turtles with [adopted?]","mean [opinion] of turtles","[step]","count turtles with [adopted?]","mean [opinion] of turtles","[step]","count turtles with [adopted?]","mean [opinion] of turtles","[step]","count turtles with [adopted?]","mean [opinion] of turtles","[step]","count turtles with [adopted?]","mean [opinion] of turtles","[step]","count turtles with [adopted?]","mean [opinion] of turtles","[step]","count turtles with [adopted?]","mean [opinion] of turtles","[step]","count turtles with [adopted?]","mean [opinion] of turtles","[step]","count turtles with [adopted?]","mean [opinion] of turtles","[step]","count turtles with [adopted?]","mean [opinion] of turtles","[step]","count turtles with [adopted?]","mean [opinion] of turtles","[step]","count turtles with [adopted?]","mean [opinion] of turtles","[step]","count turtles with [adopted?]","mean [opinion] of turtles","[step]","count turtles with [adopted?]","mean [opinion] of turtles","[step]","count turtles with [adopted?]","mean [opinion] of turtles","[step]","count turtles with [adopted?]","mean [opinion] of turtles","[step]","count turtles with [adopted?]","mean [opinion] of turtles","[step]","count turtles with [adopted?]","mean [opinion] of turtles","[step]","count turtles with [adopted?]","mean [opinion] of turtles","[step]","count turtles with [adopted?]","mean [opinion] of turtles","[step]","count turtles with [adopted?]","mean [opinion] of turtles","[step]","count turtles with [adopted?]","mean [opinion] of turtles","[step]","count turtles with [adopted?]","mean [opinion] of turtles","[step]","count turtles with [adopted?]","mean [opinion] of turtles","[step]","count turtles with [adopted?]","mean [opinion] of turtles","[step]","count turtles with [adopted?]","mean [opinion] of turtles","[step]","count turtles with [adopted?]","mean [opinion] of turtles","[step]","count turtles with [adopted?]","mean [opinion] of turtles","[step]","count turtles with [adopted?]","mean [opinion] of turtles","[step]","count turtles with [adopted?]","mean [opinion] of turtles","[step]","count turtles with [adopted?]","mean [opinion] of turtles","[step]","count turtles with [adopted?]","mean [opinion] of turtles","[step]","count turtles with [adopted?]","mean [opinion] of turtles","[step]","count turtles with [adopted?]","mean [opinion] of turtles","[step]","count turtles with [adopted?]","mean [opinion] of turtles","[step]","count turtles with [adopted?]","mean [opinion] of turtles","[step]","count turtles with [adopted?]","mean [opinion] of turtles","[step]","count turtles with [adopted?]","mean [opinion] of turtles","[step]","count turtles with [adopted?]","mean [opinion] of turtles","[step]","count turtles with [adopted?]","mean [opinion] of turtles","[step]","count turtles with [adopted?]","mean [opinion] of turtles","[step]","count turtles with [adopted?]","mean [opinion] of turtles","[step]","count turtles with [adopted?]","mean [opinion] of turtles","[step]","count turtles with [adopted?]","mean [opinion] of turtles","[step]","count turtles with [adopted?]","mean [opinion] of turtles","[step]","count turtles with [adopted?]","mean [opinion] of turtles","[step]","count turtles with [adopted?]","mean [opinion] of turtles","[step]","count turtles with [adopted?]","mean [opinion] of turtles","[step]","count turtles with [adopted?]","mean [opinion] of turtles","[step]","count turtles with [adopted?]","mean [opinion] of turtles","[step]","count turtles with [adopted?]","mean [opinion] of turtles","[step]","count turtles with [adopted?]","mean [opinion] of turtles","[step]","count turtles with [adopted?]","mean [opinion] of turtles","[step]","count turtles with [adopted?]","mean [opinion] of turtles","[step]","count turtles with [adopted?]","mean [opinion] of turtles","[step]","count turtles with [adopted?]","mean [opinion] of turtles","[step]","count turtles with [adopted?]","mean [opinion] of turtles","[step]","count turtles with [adopted?]","mean [opinion] of turtles","[step]","count turtles with [adopted?]","mean [opinion] of turtles","[step]","count turtles with [adopted?]","mean [opinion] of turtles","[step]","count turtles with [adopted?]","mean [opinion] of turtles","[step]","count turtles with [adopted?]","mean [opinion] of turtles","[step]","count turtles with [adopted?]","mean [opinion] of turtles","[step]","count turtles with [adopted?]","mean [opinion] of turtles","[step]","count turtles with [adopted?]","mean [opinion] of turtles","[step]","count turtles with [adopted?]","mean [opinion] of turtles","[step]","count turtles with [adopted?]","mean [opinion] of turtles","[step]","count turtles with [adopted?]","mean [opinion] of turtles","[step]","count turtles with [adopted?]","mean [opinion] of turtles","[step]","count turtles with [adopted?]","mean [opinion] of turtles","[step]","count turtles with [adopted?]","mean [opinion] of turtles","[step]","count turtles with [adopted?]","mean [opinion] of turtles","[step]","count turtles with [adopted?]","mean [opinion] of turtles","[step]","count turtles with [adopted?]","mean [opinion] of turtles","[step]","count turtles with [adopted?]","mean [opinion] of turtles","[step]","count turtles with [adopted?]","mean [opinion] of turtles","[step]","count turtles with [adopted?]","mean [opinion] of turtles","[step]","count turtles with [adopted?]","mean [opinion] of turtles","[step]","count turtles with [adopted?]","mean [opinion] of turtles","[step]","count turtles with [adopted?]","mean [opinion] of turtles","[step]","count turtles with [adopted?]","mean [opinion] of turtles","[step]","count turtles with [adopted?]","mean [opinion] of turtles","[step]","count turtles with [adopted?]","mean [opinion] of turtles","[step]","count turtles with [adopted?]","mean [opinion] of turtles","[step]","count turtles with [adopted?]","mean [opinion] of turtles","[step]","count turtles with [adopted?]","mean [opinion] of turtles","[step]","count turtles with [adopted?]","mean [opinion] of turtles","[step]","count turtles with [adopted?]","mean [opinion] of turtles","[step]","count turtles with [adopted?]","mean [opinion] of turtles","[step]","count turtles with [adopted?]","mean [opinion] of turtles","[step]","count turtles with [adopted?]","mean [opinion] of turtles","[step]","count turtles with [adopted?]","mean [opinion] of turtles","[step]","count turtles with [adopted?]","mean [opinion] of turtles","[step]","count turtles with [adopted?]","mean [opinion] of turtles","[step]","count turtles with [adopted?]","mean [opinion] of turtles","[step]","count turtles with [adopted?]","mean [opinion] of turtles","[step]","count turtles with [adopted?]","mean [opinion] of turtles","[step]","count turtles with [adopted?]","mean [opinion] of turtles","[step]","count turtles with [adopted?]","mean [opinion] of turtles","[step]","count turtles with [adopted?]","mean [opinion] of turtles","[step]","count turtles with [adopted?]","mean [opinion] of turtles","[step]","count turtles with [adopted?]","mean [opinion] of turtles","[step]","count turtles with [adopted?]","mean [opinion] of turtles","[step]","count turtles with [adopted?]","mean [opinion] of turtles","[step]","count turtles with [adopted?]","mean [opinion] of turtles","[step]","count turtles with [adopted?]","mean [opinion] of turtles","[step]","count turtles with [adopted?]","mean [opinion] of turtles","[step]","count turtles with [adopted?]","mean [opinion] of turtles","[step]","count turtles with [adopted?]","mean [opinion] of turtles","[step]","count turtles with [adopted?]","mean [opinion] of turtles","[step]","count turtles with [adopted?]","mean [opinion] of turtles","[step]","count turtles with [adopted?]","mean [opinion] of turtles","[step]","count turtles with [adopted?]","mean [opinion] of turtles","[step]","count turtles with [adopted?]","mean [opinion] of turtles","[step]","count turtles with [adopted?]","mean [opinion] of turtles","[step]","count turtles with [adopted?]","mean [opinion] of turtles","[step]","count turtles with [adopted?]","mean [opinion] of turtles","[step]","count turtles with [adopted?]","mean [opinion] of turtles","[step]","count turtles with [adopted?]","mean [opinion] of turtles","[step]","count turtles with [adopted?]","mean [opinion] of turtles","[step]","count turtles with [adopted?]","mean [opinion] of turtles","[step]","count turtles with [adopted?]","mean [opinion] of turtles","[step]","count turtles with [adopted?]","mean [opinion] of turtles","[step]","count turtles with [adopted?]","mean [opinion] of turtles","[step]","count turtles with [adopted?]","mean [opinion] of turtles","[step]","count turtles with [adopted?]","mean [opinion] of turtles","[step]","count turtles with [adopted?]","mean [opinion] of turtles","[step]","count turtles with [adopted?]","mean [opinion] of turtles","[step]","count turtles with [adopted?]","mean [opinion] of turtles","[step]","count turtles with [adopted?]","mean [opinion] of turtles","[step]","count turtles with [adopted?]","mean [opinion] of turtles","[step]","count turtles with [adopted?]","mean [opinion] of turtles","[step]","count turtles with [adopted?]","mean [opinion] of turtles","[step]","count turtles with [adopted?]","mean [opinion] of turtles","[step]","count turtles with [adopted?]","mean [opinion] of turtles","[step]","count turtles with [adopted?]","mean [opinion] of turtles","[step]","count turtles with [adopted?]","mean [opinion] of turtles","[step]","count turtles with [adopted?]","mean [opinion] of turtles","[step]","count turtles with [adopted?]","mean [opinion] of turtles","[step]","count turtles with [adopted?]","mean [opinion] of turtles","[step]","count turtles with [adopted?]","mean [opinion] of turtles","[step]","count turtles with [adopted?]","mean [opinion] of turtles","[step]","count turtles with [adopted?]","mean [opinion] of turtles","[step]","count turtles with [adopted?]","mean [opinion] of turtles","[step]","count turtles with [adopted?]","mean [opinion] of turtles","[step]","count turtles with [adopted?]","mean [opinion] of turtles","[step]","count turtles with [adopted?]","mean [opinion] of turtles","[step]","count turtles with [adopted?]","mean [opinion] of turtles","[step]","count turtles with [adopted?]","mean [opinion] of turtles","[step]","count turtles with [adopted?]","mean [opinion] of turtles","[step]","count turtles with [adopted?]","mean [opinion] of turtles","[step]","count turtles with [adopted?]","mean [opinion] of turtles","[step]","count turtles with [adopted?]","mean [opinion] of turtles","[step]","count turtles with [adopted?]","mean [opinion] of turtles","[step]","count turtles with [adopted?]","mean [opinion] of turtles","[step]","count turtles with [adopted?]","mean [opinion] of turtles","[step]","count turtles with [adopted?]","mean [opinion] of turtles","[step]","count turtles with [adopted?]","mean [opinion] of turtles","[step]","count turtles with [adopted?]","mean [opinion] of turtles","[step]","count turtles with [adopted?]","mean [opinion] of turtles","[step]","count turtles with [adopted?]","mean [opinion] of turtles","[step]","count turtles with [adopted?]","mean [opinion] of turtles","[step]","count turtles with [adopted?]","mean [opinion] of turtles","[step]","count turtles with [adopted?]","mean [opinion] of turtles","[step]","count turtles with [adopted?]","mean [opinion] of turtles","[step]","count turtles with [adopted?]","mean [opinion] of turtles","[step]","count turtles with [adopted?]","mean [opinion] of turtles","[step]","count turtles with [adopted?]","mean [opinion] of turtles","[step]","count turtles with [adopted?]","mean [opinion] of turtles","[step]","count turtles with [adopted?]","mean [opinion] of turtles","[step]","count turtles with [adopted?]","mean [opinion] of turtles","[step]","count turtles with [adopted?]","mean [opinion] of turtles","[step]","count turtles with [adopted?]","mean [opinion] of turtles","[step]","count turtles with [adopted?]","mean [opinion] of turtles","[step]","count turtles with [adopted?]","mean [opinion] of turtles","[step]","count turtles with [adopted?]","mean [opinion] of turtles","[step]","count turtles with [adopted?]","mean [opinion] of turtles","[step]","count turtles with [adopted?]","mean [opinion] of turtles","[step]","count turtles with [adopted?]","mean [opinion] of turtles","[step]","count turtles with [adopted?]","mean [opinion] of turtles","[step]","count turtles with [adopted?]","mean [opinion] of turtles","[step]","count turtles with [adopted?]","mean [opinion] of turtles","[step]","count turtles with [adopted?]","mean [opinion] of turtles","[step]","count turtles with [adopted?]","mean [opinion] of turtles","[step]","count turtles with [adopted?]","mean [opinion] of turtles","[step]","count turtles with [adopted?]","mean [opinion] of turtles","[step]","count turtles with [adopted?]","mean [opinion] of turtles","[step]","count turtles with [adopted?]","mean [opinion] of turtles","[step]","count turtles with [adopted?]","mean [opinion] of turtles","[step]","count turtles with [adopted?]","mean [opinion] of turtles","[step]","count turtles with [adopted?]","mean [opinion] of turtles","[step]","count turtles with [adopted?]","mean [opinion] of turtles","[step]","count turtles with [adopted?]","mean [opinion] of turtles","[step]","count turtles with [adopted?]","mean [opinion] of turtles","[step]","count turtles with [adopted?]","mean [opinion] of turtles","[step]","count turtles with [adopted?]","mean [opinion] of turtles","[step]","count turtles with [adopted?]","mean [opinion] of turtles","[step]","count turtles with [adopted?]","mean [opinion] of turtles","[step]","count turtles with [adopted?]","mean [opinion] of turtles","[step]","count turtles with [adopted?]","mean [opinion] of turtles","[step]","count turtles with [adopted?]","mean [opinion] of turtles","[step]","count turtles with [adopted?]","mean [opinion] of turtles","[step]","count turtles with [adopted?]","mean [opinion] of turtles","[step]","count turtles with [adopted?]","mean [opinion] of turtles","[step]","count turtles with [adopted?]","mean [opinion] of turtles","[step]","count turtles with [adopted?]","mean [opinion] of turtles","[step]","count turtles with [adopted?]","mean [opinion] of turtles","[step]","count turtles with [adopted?]","mean [opinion] of turtles","[step]","count turtles with [adopted?]","mean [opinion] of turtles","[step]","count turtles with [adopted?]","mean [opinion] of turtles","[step]","count turtles with [adopted?]","mean [opinion] of turtles","[step]","count turtles with [adopted?]","mean [opinion] of turtles","[step]","count turtles with [adopted?]","mean [opinion] of turtles","[step]","count turtles with [adopted?]","mean [opinion] of turtles","[step]","count turtles with [adopted?]","mean [opinion] of turtles","[step]","count turtles with [adopted?]","mean [opinion] of turtles","[step]","count turtles with [adopted?]","mean [opinion] of turtles","[step]","count turtles with [adopted?]","mean [opinion] of turtles","[step]","count turtles with [adopted?]","mean [opinion] of turtles","[step]","count turtles with [adopted?]","mean [opinion] of turtles","[step]","count turtles with [adopted?]","mean [opinion] of turtles","[step]","count turtles with [adopted?]","mean [opinion] of turtles","[step]","count turtles with [adopted?]","mean [opinion] of turtles","[step]","count turtles with [adopted?]","mean [opinion] of turtles","[step]","count turtles with [adopted?]","mean [opinion] of turtles","[step]","count turtles with [adopted?]","mean [opinion] of turtles","[step]","count turtles with [adopted?]","mean [opinion] of turtles","[step]","count turtles with [adopted?]","mean [opinion] of turtles","[step]","count turtles with [adopted?]","mean [opinion] of turtles","[step]","count turtles with [adopted?]","mean [opinion] of turtles","[step]","count turtles with [adopted?]","mean [opinion] of turtles","[step]","count turtles with [adopted?]","mean [opinion] of turtles","[step]","count turtles with [adopted?]","mean [opinion] of turtles","[step]","count turtles with [adopted?]","mean [opinion] of turtles","[step]","count turtles with [adopted?]","mean [opinion] of turtles","[step]","count turtles with [adopted?]","mean [opinion] of turtles","[step]","count turtles with [adopted?]","mean [opinion] of turtles","[step]","count turtles with [adopted?]","mean [opinion] of turtles","[step]","count turtles with [adopted?]","mean [opinion] of turtles","[step]","count turtles with [adopted?]","mean [opinion] of turtles","[step]","count turtles with [adopted?]","mean [opinion] of turtles","[step]","count turtles with [adopted?]","mean [opinion] of turtles","[step]","count turtles with [adopted?]","mean [opinion] of turtles","[step]","count turtles with [adopted?]","mean [opinion] of turtles","[step]","count turtles with [adopted?]","mean [opinion] of turtles","[step]","count turtles with [adopted?]","mean [opinion] of turtles","[step]","count turtles with [adopted?]","mean [opinion] of turtles","[step]","count turtles with [adopted?]","mean [opinion] of turtles","[step]","count turtles with [adopted?]","mean [opinion] of turtles","[step]","count turtles with [adopted?]","mean [opinion] of turtles","[step]","count turtles with [adopted?]","mean [opinion] of turtles","[step]","count turtles with [adopted?]","mean [opinion] of turtles","[step]","count turtles with [adopted?]","mean [opinion] of turtles","[step]","count turtles with [adopted?]","mean [opinion] of turtles","[step]","count turtles with [adopted?]","mean [opinion] of turtles","[step]","count turtles with [adopted?]","mean [opinion] of turtles","[step]","count turtles with [adopted?]","mean [opinion] of turtles","[step]","count turtles with [adopted?]","mean [opinion] of turtles","[step]","count turtles with [adopted?]","mean [opinion] of turtles","[step]","count turtles with [adopted?]","mean [opinion] of turtles","[step]","count turtles with [adopted?]","mean [opinion] of turtles","[step]","count turtles with [adopted?]","mean [opinion] of turtles","[step]","count turtles with [adopted?]","mean [opinion] of turtles","[step]","count turtles with [adopted?]","mean [opinion] of turtles","[step]","count turtles with [adopted?]","mean [opinion] of turtles","[step]","count turtles with [adopted?]","mean [opinion] of turtles","[step]","count turtles with [adopted?]","mean [opinion] of turtles","[step]","count turtles with [adopted?]","mean [opinion] of turtles","[step]","count turtles with [adopted?]","mean [opinion] of turtles","[step]","count turtles with [adopted?]","mean [opinion] of turtles","[step]","count turtles with [adopted?]","mean [opinion] of turtles","[step]","count turtles with [adopted?]","mean [opinion] of turtles","[step]","count turtles with [adopted?]","mean [opinion] of turtles","[step]","count turtles with [adopted?]","mean [opinion] of turtles","[step]","count turtles with [adopted?]","mean [opinion] of turtles","[step]","count turtles with [adopted?]","mean [opinion] of turtles","[step]","count turtles with [adopted?]","mean [opinion] of turtles","[step]","count turtles with [adopted?]","mean [opinion] of turtles","[step]","count turtles with [adopted?]","mean [opinion] of turtles","[step]","count turtles with [adopted?]","mean [opinion] of turtles","[step]","count turtles with [adopted?]","mean [opinion] of turtles","[step]","count turtles with [adopted?]","mean [opinion] of turtles","[step]","count turtles with [adopted?]","mean [opinion] of turtles","[step]","count turtles with [adopted?]","mean [opinion] of turtles","[step]","count turtles with [adopted?]","mean [opinion] of turtles","[step]","count turtles with [adopted?]","mean [opinion] of turtles","[step]","count turtles with [adopted?]","mean [opinion] of turtles","[step]","count turtles with [adopted?]","mean [opinion] of turtles","[step]","count turtles with [adopted?]","mean [opinion] of turtles","[step]","count turtles with [adopted?]","mean [opinion] of turtles","[step]","count turtles with [adopted?]","mean [opinion] of turtles","[step]","count turtles with [adopted?]","mean [opinion] of turtles","[step]","count turtles with [adopted?]","mean [opinion] of turtles","[step]","count turtles with [adopted?]","mean [opinion] of turtles","[step]","count turtles with [adopted?]","mean [opinion] of turtles","[step]","count turtles with [adopted?]","mean [opinion] of turtles","[step]","count turtles with [adopted?]","mean [opinion] of turtles","[step]","count turtles with [adopted?]","mean [opinion] of turtles","[step]","count turtles with [adopted?]","mean [opinion] of turtles","[step]","count turtles with [adopted?]","mean [opinion] of turtles","[step]","count turtles with [adopted?]","mean [opinion] of turtles","[step]","count turtles with [adopted?]","mean [opinion] of turtles","[step]","count turtles with [adopted?]","mean [opinion] of turtles","[step]","count turtles with [adopted?]","mean [opinion] of turtles","[step]","count turtles with [adopted?]","mean [opinion] of turtles","[step]","count turtles with [adopted?]","mean [opinion] of turtles","[step]","count turtles with [adopted?]","mean [opinion] of turtles","[step]","count turtles with [adopted?]","mean [opinion] of turtles","[step]","count turtles with [adopted?]","mean [opinion] of turtles","[step]","count turtles with [adopted?]","mean [opinion] of turtles","[step]","count turtles with [adopted?]","mean [opinion] of turtles","[step]","count turtles with [adopted?]","mean [opinion] of turtles","[step]","count turtles with [adopted?]","mean [opinion] of turtles","[step]","count turtles with [adopted?]","mean [opinion] of turtles","[step]","count turtles with [adopted?]","mean [opinion] of turtles","[step]","count turtles with [adopted?]","mean [opinion] of turtles","[step]","count turtles with [adopted?]","mean [opinion] of turtles","[step]","count turtles with [adopted?]","mean [opinion] of turtles","[step]","count turtles with [adopted?]","mean [opinion] of turtles","[step]","count turtles with [adopted?]","mean [opinion] of turtles","[step]","count turtles with [adopted?]","mean [opinion] of turtles","[step]","count turtles with [adopted?]","mean [opinion] of turtles","[step]","count turtles with [adopted?]","mean [opinion] of turtles","[step]","count turtles with [adopted?]","mean [opinion] of turtles","[step]","count turtles with [adopted?]","mean [opinion] of turtles","[step]","count turtles with [adopted?]","mean [opinion] of turtles","[step]","count turtles with [adopted?]","mean [opinion] of turtles","[step]","count turtles with [adopted?]","mean [opinion] of turtles","[step]","count turtles with [adopted?]","mean [opinion] of turtles","[step]","count turtles with [adopted?]","mean [opinion] of turtles","[step]","count turtles with [adopted?]","mean [opinion] of turtles","[step]","count turtles with [adopted?]","mean [opinion] of turtles","[step]","count turtles with [adopted?]","mean [opinion] of turtles","[step]","count turtles with [adopted?]","mean [opinion] of turtles","[step]","count turtles with [adopted?]","mean [opinion] of turtles","[step]","count turtles with [adopted?]","mean [opinion] of turtles","[step]","count turtles with [adopted?]","mean [opinion] of turtles","[step]","count turtles with [adopted?]","mean [opinion] of turtles","[step]","count turtles with [adopted?]","mean [opinion] of turtles","[step]","count turtles with [adopted?]","mean [opinion] of turtles","[step]","count turtles with [adopted?]","mean [opinion] of turtles","[step]","count turtles with [adopted?]","mean [opinion] of turtles","[step]","count turtles with [adopted?]","mean [opinion] of turtles","[step]","count turtles with [adopted?]","mean [opinion] of turtles","[step]","count turtles with [adopted?]","mean [opinion] of turtles","[step]","count turtles with [adopted?]","mean [opinion] of turtles","[step]","count turtles with [adopted?]","mean [opinion] of turtles","[step]","count turtles with [adopted?]","mean [opinion] of turtles","[step]","count turtles with [adopted?]","mean [opinion] of turtles","[step]","count turtles with [adopted?]","mean [opinion] of turtles","[step]","count turtles with [adopted?]","mean [opinion] of turtles","[step]","count turtles with [adopted?]","mean [opinion] of turtles","[step]","count turtles with [adopted?]","mean [opinion] of turtles","[step]","count turtles with [adopted?]","mean [opinion] of turtles","[step]","count turtles with [adopted?]","mean [opinion] of turtles","[step]","count turtles with [adopted?]","mean [opinion] of turtles","[step]","count turtles with [adopted?]","mean [opinion] of turtles","[step]","count turtles with [adopted?]","mean [opinion] of turtles","[step]","count turtles with [adopted?]","mean [opinion] of turtles","[step]","count turtles with [adopted?]","mean [opinion] of turtles","[step]","count turtles with [adopted?]","mean [opinion] of turtles","[step]","count turtles with [adopted?]","mean [opinion] of turtles","[step]","count turtles with [adopted?]","mean [opinion] of turtles","[step]","count turtles with [adopted?]","mean [opinion] of turtles","[step]","count turtles with [adopted?]","mean [opinion] of turtles","[step]","count turtles with [adopted?]","mean [opinion] of turtles","[step]","count turtles with [adopted?]","mean [opinion] of turtles","[step]","count turtles with [adopted?]","mean [opinion] of turtles","[step]","count turtles with [adopted?]","mean [opinion] of turtles","[step]","count turtles with [adopted?]","mean [opinion] of turtles","[step]","count turtles with [adopted?]","mean [opinion] of turtles","[step]","count turtles with [adopted?]","mean [opinion] of turtles","[step]","count turtles with [adopted?]","mean [opinion] of turtles","[step]","count turtles with [adopted?]","mean [opinion] of turtles","[step]","count turtles with [adopted?]","mean [opinion] of turtles","[step]","count turtles with [adopted?]","mean [opinion] of turtles","[step]","count turtles with [adopted?]","mean [opinion] of turtles","[step]","count turtles with [adopted?]","mean [opinion] of turtles","[step]","count turtles with [adopted?]","mean [opinion] of turtles","[step]","count turtles with [adopted?]","mean [opinion] of turtles","[step]","count turtles with [adopted?]","mean [opinion] of turtles","[step]","count turtles with [adopted?]","mean [opinion] of turtles","[step]","count turtles with [adopted?]","mean [opinion] of turtles","[step]","count turtles with [adopted?]","mean [opinion] of turtles","[step]","count turtles with [adopted?]","mean [opinion] of turtles","[step]","count turtles with [adopted?]","mean [opinion] of turtles","[step]","count turtles with [adopted?]","mean [opinion] of turtles","[step]","count turtles with [adopted?]","mean [opinion] of turtles","[step]","count turtles with [adopted?]","mean [opinion] of turtles","[step]","count turtles with [adopted?]","mean [opinion] of turtles","[step]","count turtles with [adopted?]","mean [opinion] of turtles","[step]","count turtles with [adopted?]","mean [opinion] of turtles","[step]","count turtles with [adopted?]","mean [opinion] of turtles","[step]","count turtles with [adopted?]","mean [opinion] of turtles","[step]","count turtles with [adopted?]","mean [opinion] of turtles","[step]","count turtles with [adopted?]","mean [opinion] of turtles","[step]","count turtles with [adopted?]","mean [opinion] of turtles","[step]","count turtles with [adopted?]","mean [opinion] of turtles","[step]","count turtles with [adopted?]","mean [opinion] of turtles","[step]","count turtles with [adopted?]","mean [opinion] of turtles","[step]","count turtles with [adopted?]","mean [opinion] of turtles","[step]","count turtles with [adopted?]","mean [opinion] of turtles","[step]","count turtles with [adopted?]","mean [opinion] of turtles","[step]","count turtles with [adopted?]","mean [opinion] of turtles","[step]","count turtles with [adopted?]","mean [opinion] of turtles","[step]","count turtles with [adopted?]","mean [opinion] of turtles","[step]","count turtles with [adopted?]","mean [opinion] of turtles","[step]","count turtles with [adopted?]","mean [opinion] of turtles","[step]","count turtles with [adopted?]","mean [opinion] of turtles","[step]","count turtles with [adopted?]","mean [opinion] of turtles","[step]","count turtles with [adopted?]","mean [opinion] of turtles","[step]","count turtles with [adopted?]","mean [opinion] of turtles","[step]","count turtles with [adopted?]","mean [opinion] of turtles","[step]","count turtles with [adopted?]","mean [opinion] of turtles"
,"499","100","0.46981916089635817","499","100","0.5432083373037194","499","100","0.48839838312889067","499","100","0.47538642463230907","499","100","0.5383954467323773","499","100","0.5265285170921418","499","100","0.4993723947782305","499","100","0.4765644239936553","499","100","0.471446106169649","499","100","0.4618322780882038","499","100","0.46482178426262444","499","100","0.5063348122828242","499","100","0.5158545912180965","499","100","0.45647383850519807","499","100","0.4847590208368862","499","100","0.5271835921276452","499","100","0.4819417114004512","499","100","0.48669396986530894","499","100","0.5084604684859283","499","100","0.46949120177765735","499","100","0.48712022435106517","499","100","0.44510704248411337","499","100","0.505137739582352","499","100","0.5083783548552782","499","100","0.525807020843651","499","100","0.5503867950819615","499","100","0.4947307431051329","499","100","0.4663996403093849","499","100","0.5015267176832691","499","100","0.5273319355145695","499","100","0.4961785016098183","499","100","0.5159754864707449","499","100","0.5047208497765197","499","100","0.49940729007296625","499","100","0.5499430800410174","499","100","0.4901098372181719","499","100","0.48970082374111207","499","100","0.4953865245181373","499","100","0.5435787997279504","499","100","0.5265777241925703","499","100","0.5102887973354402","499","3","0.48298667186096517","499","100","0.5191133447447703","499","100","0.5061547650708083","499","3","0.45910432662469786","499","100","0.4682226858277598","499","3","0.4930497587982032","499","100","0.4760765767947931","499","100","0.520525261737232","499","3","0.4629160571765097","499","100","0.5244081386226896","499","100","0.49675723105759695","499","5","0.4921580543698811","499","100","0.4937818527174974","499","3","0.4511713048561466","499","3","0.4913555557638105","499","3","0.5091869445881643","499","100","0.48905819194906486","499","3","0.4972663436907635","499","100","0.48977891299989723","499","100","0.5028207382145417","499","3","0.4645659730863159","499","100","0.5455765413299168","499","4","0.5122036892658745","499","5","0.5245406824148463","499","4","0.5311912733596332","499","4","0.44923628137441873","499","3","0.4960830707792937","499","100","0.46912765770497367","499","3","0.5231644747323937","499","100","0.4864460104395931","499","100","0.5292029816339032","499","100","0.5394106867216296","499","100","0.5142139307525563","499","100","0.5014005698021677","499","100","0.5510372953253165","499","100","0.44841755747204975","499","100","0.49589229669405677","499","100","0.49768765381260666","499","100","0.5132165262466746","499","100","0.4823409111967638","499","100","0.5245882850213287","499","100","0.5194019986437517","499","100","0.480439334265156","499","100","0.4749972741316059","499","100","0.46207326140745336","499","100","0.43369938828531923","499","100","0.5044814384661963","499","100","0.520354286333529","499","100","0.4558252881822048","499","100","0.46403334622294723","499","100","0.4849767686658093","499","100","0.490950988612034","499","100","0.5103932339144684","499","100","0.4973712737889238","499","100","0.5052702029225375","499","100","0.4911288355374245","499","100","0.4707907219519177","499","100","0.48700882426670006","499","100","0.5081842688085364","499","100","0.4750120107115782","499","100","0.49571081353666524","499","100","0.48124362858918623","499","100","0.4816904630790793","499","100","0.5047402943774031","499","100","0.45174114515399005","499","100","0.5100847979353348","499","100","0.4874828588793024","499","100","0.5487433626370111","499","100","0.5103836181019841","499","3","0.48544710412455006","499","100","0.5047723062907541","499","3","0.522170568903394","499","100","0.479515927772017","499","100","0.4956921735585933","499","3","0.5213859095003232","499","3","0.4921554827907189","499","100","0.47086209509563076","499","100","0.4476612736675818","499","100","0.4451442436330711","499","3","0.5361373360800237","499","100","0.46838155776397805","499","100","0.47117532013215224","499","4","0.5028968574420261","499","100","0.5320720675528338","499","100","0.49845830669764546","499","3","0.47103563946837623","499","100","0.4758832555235227","499","100","0.5091574812259829","499","100","0.5363981356147745","499","100","0.5282525390588099","499","100","0.5016914191764287","499","100","0.45349954761819034","499","3","0.49586394040228354","499","3","0.5268188012293661","499","3","0.4954437766628014","499","3","0.5382130016920101","499","3","0.4637218759911736","499","4","0.4676963022691741","499","3","0.5047018233556417","499","100","0.5683076069424668","499","100","0.4964341626017725","499","100","0.47196920256866315","499","100","0.4830920596523401","499","100","0.49338711514250305","499","100","0.5381367162673354","499","100","0.4468260147617487","499","100","0.5087009730104993","499","100","0.45565170047724296","499","100","0.5019101412764513","499","100","0.4671899551136665","499","100","0.4786820953024627","499","100","0.5074808893474255","499","100","0.5151853612507405","499","100","0.4740669056478306","499","100","0.49481895517142355","499","100","0.5530468598894216","499","100","0.5273097241130823","499","100","0.5647176726480735","499","100","0.45747048599280654","499","100","0.5193676660561911","499","100","0.4854736576547314","499","100","0.5584912880921569","499","100","0.4746353254058027","499","100","0.49447462065891584","499","100","0.49556721186485203","499","100","0.508447334967953","499","100","0.48156174386600703","499","100","0.46411874272391374","499","100","0.4917006050978817","499","100","0.5704681031464098","499","100","0.5194248961728769","499","100","0.48348664060035956","499","100","0.5444337643641771","499","100","0.5130486007995679","499","100","0.5177203898076368","499","100","0.5415273082228407","499","100","0.5061937442183442","499","100","0.5003485425541391","499","100","0.4820046665241329","499","100","0.5075496357914758","499","3","0.455595093364935","499","100","0.5667957323122329","499","100","0.48206752951172843","499","100","0.516586625633714","499","100","0.4659044348558547","499","100","0.5070941812023307","499","100","0.46009996485602206","499","3","0.4913849476036296","499","100","0.5271671299426655","499","100","0.5110309133836383","499","100","0.5165458766391092","499","4","0.45891314297585495","499","4","0.4923313541027355","499","4","0.5047206058466919","499","100","0.508826276033612","499","100","0.5360270498914553","499","100","0.48567182370497003","499","3","0.520720597215686","499","3","0.5196819865429153","499","100","0.5090463663318276","499","4","0.523338088313582","499","100","0.46170588309416616","499","4","0.5087690080304207","499","100","0.4290702913225995","499","3","0.4491656546327038","499","15","0.5486475205422111","499","100","0.4550024061259634","499","100","0.5535585889138955","499","3","0.4609575085994689","499","100","0.5410597646691548","499","100","0.5192200156233774","499","100","0.5477942897343272","499","100","0.5446945349519774","499","100","0.4903234081353372","499","100","0.4766496161175205","499","100","0.47738841770196183","499","100","0.5218849338065747","499","100","0.5588409156329481","499","100","0.5548756578960069","499","100","0.4697869028014891","499","100","0.5236938906504984","499","100","0.4738724554633129","499","100","0.5147466113471542","499","100","0.523042976826653","499","100","0.5611214736372352","499","100","0.5133003905558732","499","100","0.517513742245679","499","100","0.4954201410011717","499","100","0.49215955764252967","499","100","0.5141407793309495","499","100","0.5254933637474846","499","100","0.5096015712476047","499","100","0.47273115390994214","499","100","0.5083441136448515","499","100","0.4395698411643794","499","100","0.48449793987421225","499","100","0.46222927247838963","499","100","0.42913375322920144","499","100","0.4746915809812504","499","100","0.5011660633965537","499","100","0.5103412169450625","499","100","0.4570495685425172","499","100","0.4983956816347579","499","100","0.48940330505441537","499","100","0.4559878724995904","499","100","0.46198331238897766","499","100","0.43473887535031","499","100","0.5650705512102394","499","100","0.509602213502125","499","100","0.5519941557238749","499","3","0.5050335505683513","499","100","0.509935205367197","499","100","0.5223868304883879","499","100","0.501944327680683","499","100","0.4662808598425913","499","100","0.4791051770543465","499","100","0.5150347957201739","499","100","0.48611751387152735","499","100","0.4546271517871094","499","3","0.47606389470719424","499","100","0.5205130436029779","499","4","0.5351288886695597","499","100","0.5210563356300202","499","100","0.4850972463615209","499","100","0.5303143764849039","499","100","0.4929264838418453","499","3","0.5042558705153383","499","3","0.5176425817673648","499","3","0.5150068826240285","499","3","0.4924133970850702","499","3","0.4886212000809654","499","3","0.5387763784117514","499","3","0.49224326999908785","499","3","0.46621305517910683","499","3","0.46728710137507606","499","100","0.5092313793159139","499","4","0.4934055797050775","499","100","0.5059369524434942","499","4","0.5111033589126217","499","100","0.4951652204721181","499","100","0.45774009565315515","499","100","0.5307341215455224","499","100","0.473983261774718","499","100","0.5024718858905679","499","100","0.49783598074803803","499","100","0.5392567488327984","499","100","0.5303986899538079","499","100","0.4800830052489698","499","100","0.5304881670073327","499","100","0.5130747905699792","499","100","0.5028583846300151","499","100","0.4552987217709559","499","100","0.484833772984331","499","100","0.49421218224608554","499","100","0.5180945136292628","499","100","0.5127055900457204","499","100","0.5234648280009966","499","100","0.4437072929204928","499","100","0.519361804097809","499","100","0.4902586413624801","499","100","0.47139303498864854","499","100","0.5128191872617814","499","100","0.5228650806608212","499","100","0.5264937218714497","499","100","0.5378509983764579","499","100","0.4635759821348857","499","100","0.560694626521319","499","100","0.5408835649525269","499","100","0.5205673225258548","499","100","0.5046018608757064","499","100","0.4943649321147825","499","100","0.489597129409594","499","100","0.4303049314710385","499","100","0.49769118648767574","499","100","0.5138305581391295","499","100","0.4319370818352574","499","100","0.5221733967178435","499","100","0.5539883831904175","499","100","0.428979291688336","499","100","0.525821523307412","499","100","0.4896486633975398","499","100","0.4744050688458423","499","100","0.472819160350634","499","100","0.4881512618634364","499","100","0.5609090292895812","499","100","0.5188457394286307","499","100","0.5307323671427371","499","3","0.527732557005325","499","100","0.43859835051841883","499","3","0.5209686062282435","499","100","0.4961793660890367","499","100","0.5262322865839109","499","3","0.5598985639479962","499","100","0.508696665253866","499","100","0.590055948521897","499","100","0.5137980873633001","499","100","0.5152030493579761","499","3","0.49430763074505646","499","3","0.49144584692677284","499","4","0.5607375068454359","499","100","0.5015199141188257","499","4","0.506720005354461","499","3","0.4840961916161424","499","3","0.51705358844989","499","4","0.48040181656074277","499","3","0.48372217267716244","499","14","0.47960659538965933","499","3","0.48929593332134425","499","3","0.5266217680416535","499","100","0.5272428202690126","499","100","0.4763610870427834","499","100","0.4921446974853429","499","100","0.5004650884675386","499","100","0.5568230149994918","499","100","0.4612007861899262","499","100","0.49462071895798443","499","100","0.47326581300888654","499","100","0.5220824707252351","499","100","0.4681035688762066","499","100","0.566342635481888","499","100","0.46519132223284454","499","100","0.49668346285423054","499","100","0.4692027647805701","499","100","0.4869591132316854","499","100","0.5038059670792397","499","100","0.5203183370446794","499","100","0.5077522275313846","499","100","0.4739794378122546","499","100","0.5019619674659268","499","100","0.5133134427307177","499","100","0.5049902330669531","499","100","0.5279246436101026","499","100","0.49578849630045096","499","100","0.5039511658212408","499","100","0.5141463102599672","499","100","0.499164753607793","499","100","0.4796698434328309","499","100","0.45935238504322645","499","100","0.4471919326671207","499","100","0.46993250012673876","499","100","0.4860067674333922","499","100","0.4812493438775728","499","100","0.5496048730586648","499","100","0.5121242340200688","499","100","0.5366970459013847","499","100","0.5416981795848271","499","100","0.5185244373277835","499","100","0.5170669677018173","499","100","0.4478895114583862","499","100","0.5207610257224784","499","100","0.5830693641295838","499","100","0.503283478395981","499","3","0.4963028939613794","499","3","0.5154874205643349","499","100","0.5385637211893622","499","4","0.5158563737736845","499","100","0.5051224997152433","499","100","0.4919615509193912","499","3","0.5344052364715478","499","100","0.542506718343158","499","100","0.4903632300869862","499","100","0.48215264212615727","499","3","0.5090350116627926","499","100","0.47729893646362276","499","100","0.48743845006430875","499","4","0.5196285352628882","499","100","0.5127873299040965","499","100","0.5593025924011054","499","3","0.4567153846752398","499","3","0.5488629129730163","499","3","0.5230596101418481","499","4","0.5417408345107559","499","100","0.5030252564969768","499","3","0.47839171590150004","499","100","0.48950795219143517","499","4","0.4397555549941166","499","3","0.4812706176777963","499","3","0.49678057150145527","499","3","0.5175091042153669","499","100","0.49806384089974637","499","100","0.530224622718517","499","100","0.46324256734965935","499","100","0.5022338878165897","499","100","0.551818659576879","499","100","0.4899499453362354","499","100","0.4348338938448196","499","100","0.5154491780114788","499","100","0.4911424687206184","499","100","0.4932162228208533","499","100","0.5091509311740211","499","100","0.5456255071594481","499","100","0.47747284076861574","499","100","0.5108899557598643","499","100","0.48656002664476106","499","100","0.500328754769479","499","100","0.4904850524256663","499","100","0.5290630072792107","499","100","0.49960071578961085","499","100","0.4639174139779573","499","100","0.4937114152565835","499","100","0.48709008489566247","499","100","0.4673542718168842","499","100","0.49845450250487766","499","100","0.5135506871410983","499","100","0.5249769758489014","499","100","0.49400420626406105","499","100","0.5291373731809805","499","100","0.5184748641849234","499","100","0.46536499626575567","499","100","0.4529477325398284","499","100","0.4921304652581667","499","100","0.5218034217602421","499","100","0.4490102878846014","499","100","0.532436683234962","499","100","0.5521149439414623","499","100","0.48328689476746045","499","100","0.507481290842367","499","100","0.48352097288292145","499","100","0.5373454029166633","499","3","0.507945339180967","499","100","0.527251532954319","499","100","0.52996892762485","499","3","0.48903290338707217","499","3","0.5332145741603209","499","100","0.4908843480649332","499","100","0.5279234145570855","499","100","0.5023214882766662","499","100","0.5531930353110536","499","3","0.49410647212983383","499","3","0.4432057312196926","499","100","0.49428874606843254","499","100","0.5300752179551361","499","4","0.4907007467014861","499","100","0.5226322607564687","499","100","0.5371988626675418","499","100","0.5089516955872102","499","100","0.49315704734644344","499","4","0.5032480027834645","499","3","0.5044945467618454","499","100","0.48474150283257456","499","3","0.5308077839021531","499","100","0.5457527858152099","499","100","0.5310556132918549","499","100","0.4736517475478606","499","100","0.5086013544020203","499","3","0.47444952271603086","499","3","0.49237995135992263","499","4","0.5117017527419566","499","100","0.5001997957792238","499","100","0.49032974031416293","499","100","0.4799026138675936","499","100","0.5492788746285276","499","100","0.4758751329612481","499","100","0.459265756215521","499","100","0.5142556133182282","499","100","0.520953190296327","499","100","0.5095226760290763","499","100","0.4621584149801954","499","100","0.44984130924160104","499","100","0.4048837263801303","499","100","0.4925393125450124","499","100","0.5495203502529266","499","100","0.457212506240983","499","100","0.5756607659117331","499","100","0.5278402882927442","499","100","0.4897391737536281","499","100","0.4643797458366994","499","100","0.446723616696992","499","100","0.4694894226906625","499","100","0.5367542386201842","499","100","0.47122953857378586","499","100","0.46366257758008883","499","100","0.5191410584180217","499","100","0.4674790940934018","499","100","0.5305937404921203","499","100","0.5379846426100626","499","100","0.48651748385774746","499","100","0.5413223414523928","499","100","0.48820239419398676","499","100","0.45867782182560496","499","100","0.51640918067311","499","100","0.4940365847162267","499","100","0.43161255226712447","499","100","0.5072484407278571","499","100","0.49537923695093367","499","100","0.4890127200669527","499","100","0.46833754290857965","499","100","0.4928703108282167","499","100","0.5215133579661301","499","100","0.5047321292075959","499","100","0.46839738866493974","499","100","0.48641626247946534","499","3","0.476893556552495","499","3","0.46110648506096774","499","100","0.5008232712305216","499","100","0.5299122993029023","499","3","0.49086017415507915","499","100","0.4972190524044585","499","3","0.4761602690403352","499","3","0.46108216705295035","499","100","0.4907812014660758","499","100","0.45881978595677064","499","100","0.5284190335036852","499","3","0.5212250235866663","499","100","0.47255186505993846","499","100","0.4975410770971747","499","100","0.49598165190629173","499","3","0.5120273651817066","499","3","0.4984203500229064","499","3","0.4683753815948732","499","100","0.5609629008075785","499","100","0.5302713274406723","499","3","0.51692693622257","499","4","0.525279201678718","499","3","0.5023799454616983","499","100","0.4726100581590961","499","3","0.47918729384500236","499","100","0.5040630940080483","499","3","0.5110473284170214","499","100","0.4944355308263136","499","100","0.4923819749831891","499","100","0.47164218799049773","499","100","0.4960228604515508","499","100","0.488889538423654","499","100","0.5133084587958883","499","100","0.47858912852231844","499","100","0.5491758136564543","499","100","0.5090046583411381","499","100","0.506014787734498","499","100","0.500745278769822","499","100","0.47579243485052575","499","100","0.4741079788987386","499","100","0.5495891181937043","499","100","0.5109604337483283","499","100","0.5269336405244621","499","100","0.5040603667653519","499","100","0.5091827765656554","499","100","0.5486927137089568","499","100","0.49858257451826676","499","100","0.5240528949167357","499","100","0.4809105849145545","499","100","0.5358725210527951","499","100","0.5140774097464587","499","100","0.49930637017174184","499","100","0.42473423208832883","499","100","0.5011648993745582","499","100","0.49124497462238503","499","100","0.49479697411844575","499","100","0.5235644202887721","499","100","0.5065193451952502","499","100","0.5011261009297311","499","100","0.4744721420284324","499","100","0.5644095660842056","499","100","0.47336064318026116","499","100","0.5296003654690421","499","100","0.4239162846928746","499","100","0.5211078101233819","499","100","0.500328771068432","499","100","0.44811596852597313","499","3","0.5218302187603406","499","100","0.5522287252956152","499","100","0.46202831477000444","499","3","0.5016518777594149","499","100","0.5130627952157301","499","100","0.47070512837073863","499","100","0.5037560323150538","499","3","0.4799420358021702","499","100","0.5026206773478901","499","4","0.4814227222405658","499","4","0.4924493981533972","499","100","0.47061951873908486","499","100","0.47189176470020233","499","3","0.4635474528834038","499","100","0.5510598538893114","499","100","0.5334825818125475","499","100","0.5169682578271145","499","3","0.4722490068218312","499","3","0.5275812631566984","499","100","0.5092592897235586","499","100","0.5282430519495733","499","4","0.5262060139902035","499","19","0.5352499461828487","499","3","0.48434837864620983","499","3","0.45477084394660744","499","100","0.5085314099259386","499","100","0.4690355139493358","499","3","0.44068134792527514","499","20","0.5053010483585045","499","100","0.5208525186622092"
